ID,SEASON,TRIAL,A_x,A_y,B_x,B_y,C_x,C_y,D_x,D_y,FOOD_x,FOOD_y,cmxpixel,unique_trial_ID
20200804-2,winter,T1,61.216352,72.33056,115.728896,15.524608,170.417856,71.977728,116.610976,125.608192,139.545056,26.4624,0.176416,winter_20200804-2_T1
20200804-2,winter,T2,62.098432,72.506976,116.963808,16.230272,170.947104,71.272064,116.963808,125.431776,139.015808,27.168064,0.176416,winter_20200804-2_T2
20200804-2,winter,T3,61.039936,71.977728,115.905312,16.75952,170.065024,71.801312,117.140224,125.961024,138.48656,27.168064,0.176416,winter_20200804-2_T3
20200804-2,winter,T4,61.569184,72.33056,116.963808,16.230272,170.594272,71.272064,116.787392,125.078944,138.310144,26.638816,0.176416,winter_20200804-2_T4
20200804-2,winter,T5,61.7456,72.33056,116.081728,17.465184,170.417856,71.44848,116.787392,126.13744,137.780896,26.109568,0.176416,winter_20200804-2_T5
20200804-2,winter,T6,61.569184,71.44848,116.787392,16.053856,170.770688,71.44848,116.787392,125.784608,138.839392,26.638816,0.176416,winter_20200804-2_T6
20200804-2,winter,T7,61.392768,72.154144,116.258144,16.406688,170.24144,71.272064,116.787392,125.078944,138.133728,25.756736,0.176416,winter_20200804-2_T7
20200804-2,winter,T8,61.216352,71.977728,116.258144,17.288768,170.417856,71.272064,116.787392,125.961024,138.133728,27.873728,0.176416,winter_20200804-2_T8
20200804-2,winter,T9,61.569184,71.977728,116.787392,15.701024,170.770688,71.095648,116.787392,125.078944,138.662976,26.991648,0.176416,winter_20200804-2_T9
20200804-2,winter,T10,61.216352,72.506976,116.258144,16.230272,170.770688,70.919232,117.140224,125.25536,138.310144,26.638816,0.176416,winter_20200804-2_T10
20200625-3,winter,T1,49.749312,73.741888,102.850528,17.994432,158.421568,71.977728,104.96752,126.843104,127.372352,26.285984,0.176416,winter_20200625-3_T1
20200625-3,winter,T2,50.807808,73.918304,104.791104,17.288768,159.303648,71.095648,105.320352,126.313856,127.548768,26.638816,0.176416,winter_20200625-3_T2
20200625-3,winter,T3,49.572896,73.565472,103.20336,17.288768,158.597984,71.44848,104.96752,125.784608,126.843104,26.285984,0.176416,winter_20200625-3_T3
20200625-3,winter,T4,49.925728,73.918304,103.556192,17.288768,158.7744,71.44848,105.320352,125.784608,126.313856,26.285984,0.176416,winter_20200625-3_T4
20200625-3,winter,T5,49.925728,73.918304,102.674112,18.347264,158.597984,71.272064,105.496768,126.666688,125.25536,26.285984,0.176416,winter_20200625-3_T5
20200625-3,winter,T6,50.102144,74.447552,104.614688,16.75952,160.009312,70.919232,105.320352,126.843104,126.843104,27.168064,0.176416,winter_20200625-3_T6
20200625-3,winter,T7,50.102144,74.447552,103.909024,16.230272,159.65648,71.272064,105.320352,126.843104,126.666688,27.34448,0.176416,winter_20200625-3_T7
20200625-3,winter,T8,49.043648,74.09472,103.556192,17.6416,159.303648,71.801312,105.143936,127.725184,126.666688,27.697312,0.176416,winter_20200625-3_T8
20200625-3,winter,T9,50.102144,74.271136,103.026944,16.583104,159.832896,71.624896,105.143936,126.490272,127.01952,27.697312,0.176416,winter_20200625-3_T9
20200625-3,winter,T10,55.218208,68.096576,110.26,13.2312,163.537632,68.449408,109.37792,121.72704,133.370496,24.69824,0.176416,winter_20200625-3_T10
20201031-1,winter,T1,49.220064,73.918304,103.026944,19.052928,157.715904,74.447552,103.556192,127.548768,126.843104,29.461472,0.176416,winter_20201031-1_T1
20201031-1,winter,T2,49.925728,74.623968,103.909024,19.582176,158.245152,74.09472,103.732608,127.725184,126.13744,30.8728,0.176416,winter_20201031-1_T2
20201031-1,winter,T3,49.043648,73.741888,103.026944,19.758592,157.363072,74.09472,103.556192,127.548768,127.372352,30.519968,0.176416,winter_20201031-1_T3
20201031-1,winter,T4,49.220064,73.21264,104.261856,19.229344,157.715904,74.271136,103.556192,127.195936,126.843104,29.814304,0.176416,winter_20201031-1_T4
20201031-1,winter,T5,49.749312,74.271136,105.143936,19.582176,158.245152,74.09472,103.732608,127.725184,129.136512,31.578464,0.176416,winter_20201031-1_T5
20201031-1,winter,T6,49.925728,74.09472,104.438272,19.758592,158.245152,74.271136,103.732608,128.078016,126.13744,30.8728,0.176416,winter_20201031-1_T6
20201031-1,winter,T7,65.979584,76.564544,112.553408,28.755808,159.480064,75.153216,113.78832,121.903456,125.961024,28.22656,0.176416,winter_20201031-1_T7
20201031-1,winter,T8,48.867232,73.741888,101.968448,19.758592,157.539488,74.447552,102.850528,127.9016,124.37328,30.519968,0.176416,winter_20201031-1_T8
20201031-1,winter,T9,48.690816,73.565472,103.20336,18.700096,157.539488,74.271136,103.026944,127.01952,124.726112,31.402048,0.176416,winter_20201031-1_T9
20201031-1,winter,T10,49.572896,74.271136,103.909024,19.758592,158.421568,74.9768,103.20336,127.725184,127.01952,31.049216,0.176416,winter_20201031-1_T10
20201101-1,winter,T1,65.27392,77.270208,112.376992,28.755808,159.303648,75.682464,112.90624,122.60912,130.99849,36.516403,0.176416,winter_20201101-1_T1
20201101-1,winter,T2,66.156,76.564544,113.259072,28.579392,160.009312,75.682464,113.082656,122.60912,133.370496,38.282272,0.176416,winter_20201101-1_T2
20201101-1,winter,T3,65.626752,76.388128,112.02416,28.755808,159.127232,75.506048,112.553408,121.374208,134.07616,37.400192,0.176416,winter_20201101-1_T3
20201101-1,winter,T4,65.803168,76.74096,113.611904,28.22656,160.009312,75.506048,113.259072,122.079872,133.370496,37.04736,0.176416,winter_20201101-1_T4
20201101-1,winter,T5,66.508832,76.388128,112.376992,28.755808,160.362144,75.506048,113.78832,122.079872,132.841248,37.92944,0.176416,winter_20201101-1_T5
20201101-1,winter,T6,66.508832,76.564544,113.611904,28.402976,160.362144,75.506048,113.435488,122.079872,134.42719,39.551388,0.176416,winter_20201101-1_T6
20201101-1,winter,T7,66.508832,76.035296,112.553408,28.755808,159.480064,75.153216,113.78832,121.374208,132.312,35.812448,0.176416,winter_20201101-1_T7
20201101-1,winter,T8,66.685248,76.388128,113.259072,28.755808,160.362144,75.329632,114.141152,122.079872,133.16531,37.556473,0.176416,winter_20201101-1_T8
20201101-1,winter,T9,65.979584,75.85888,112.200576,28.22656,159.127232,76.211712,114.317568,121.021376,131.12277,49.675697,0.176416,winter_20201101-1_T9
20201101-1,winter,T10,66.508832,76.564544,113.78832,28.402976,160.53856,75.682464,114.141152,122.432704,134.252576,35.988864,0.176416,winter_20201101-1_T10
20201101-3,winter,T1,57.511616,73.741888,112.02416,17.465184,167.065952,71.977728,113.611904,127.01952,135.134656,28.22656,0.176416,winter_20201101-3_T1
20201101-3,winter,T2,58.570112,73.741888,113.435488,17.994432,166.889536,72.33056,113.611904,126.666688,136.369568,29.285056,0.176416,winter_20201101-3_T2
20201101-3,winter,T3,58.21728,73.21264,111.847744,17.818016,166.71312,72.683392,113.78832,126.666688,137.60448,28.932224,0.176416,winter_20201101-3_T3
20201101-3,winter,T4,58.21728,73.036224,112.553408,17.994432,167.065952,72.506976,113.435488,125.961024,134.95824,28.402976,0.176416,winter_20201101-3_T4
20201101-3,winter,T5,58.570112,73.565472,112.90624,18.347264,167.418784,72.859808,113.964736,127.01952,137.428064,25.227488,0.176416,winter_20201101-3_T5
20201101-3,winter,T6,58.746528,73.565472,112.90624,17.994432,167.771616,72.154144,113.78832,126.313856,138.133728,26.991648,0.176416,winter_20201101-3_T6
20201101-3,winter,T7,58.393696,73.389056,112.376992,17.6416,167.242368,71.801312,113.78832,125.961024,136.545984,27.873728,0.176416,winter_20201101-3_T7
20201101-3,winter,T8,58.040864,73.741888,112.553408,18.347264,166.889536,72.683392,113.082656,126.843104,136.898816,28.402976,0.176416,winter_20201101-3_T8
20201101-3,winter,T9,58.393696,73.389056,111.847744,17.818016,167.065952,72.154144,113.611904,126.490272,134.428992,26.638816,0.176416,winter_20201101-3_T9
20201101-3,winter,T10,58.570112,74.447552,113.082656,18.170848,167.5952,72.33056,113.78832,127.01952,139.545056,26.109568,0.176416,winter_20201101-3_T10
20201103-1,winter,T1,62.274848,74.447552,116.43456,18.347264,169.712192,73.565472,116.610976,126.843104,140.779968,27.34448,0.176416,winter_20201103-1_T1
20201103-1,winter,T2,62.451264,73.389056,117.493056,18.700096,170.594272,73.21264,117.140224,127.725184,141.309216,26.285984,0.176416,winter_20201103-1_T2
20201103-1,winter,T3,61.569184,73.036224,116.43456,18.170848,169.712192,73.21264,116.963808,126.490272,140.25072,30.167136,0.176416,winter_20201103-1_T3
20201103-1,winter,T4,61.922016,72.859808,116.258144,17.994432,170.24144,73.565472,116.787392,126.490272,137.780896,27.168064,0.176416,winter_20201103-1_T4
20201103-1,winter,T5,62.098432,73.21264,116.610976,19.052928,170.594272,73.389056,116.787392,127.01952,138.662976,29.99072,0.176416,winter_20201103-1_T5
20201103-1,winter,T6,62.098432,73.565472,117.140224,18.52368,170.417856,73.741888,116.258144,127.195936,141.1328,30.167136,0.176416,winter_20201103-1_T6
20201103-1,winter,T7,62.274848,73.565472,117.845888,18.347264,170.594272,73.21264,116.610976,126.490272,138.839392,28.932224,0.176416,winter_20201103-1_T7
20201103-1,winter,T8,62.274848,72.859808,116.610976,18.876512,170.417856,73.389056,117.140224,127.548768,137.780896,28.755808,0.176416,winter_20201103-1_T8
20201103-1,winter,T9,62.274848,72.859808,117.493056,18.52368,170.417856,72.859808,116.43456,126.313856,138.133728,28.22656,0.176416,winter_20201103-1_T9
20201103-1,winter,T10,62.274848,73.389056,117.140224,18.347264,170.24144,73.036224,116.963808,126.666688,139.015808,26.4624,0.176416,winter_20201103-1_T10
20201103-2,winter,T1,56.805952,71.977728,110.965664,16.935936,164.772544,72.506976,111.671328,125.078944,134.781824,26.4624,0.176416,winter_20201103-2_T1
20201103-2,winter,T2,57.511616,72.154144,112.376992,17.288768,165.654624,72.154144,111.847744,125.784608,134.07616,27.168064,0.176416,winter_20201103-2_T2
20201103-2,winter,T3,56.805952,71.624896,110.965664,17.465184,165.125376,72.506976,111.494912,125.608192,133.19408,27.520896,0.176416,winter_20201103-2_T3
20201103-2,winter,T4,57.3352,71.801312,111.671328,17.112352,164.94896,72.154144,111.494912,124.902528,135.134656,26.815232,0.176416,winter_20201103-2_T4
20201103-2,winter,T5,56.805952,71.977728,110.083584,17.465184,165.125376,72.154144,112.02416,125.961024,135.311072,27.873728,0.176416,winter_20201103-2_T5
20201103-2,winter,T6,57.158784,71.801312,112.729824,17.112352,165.301792,71.801312,112.02416,124.902528,134.605408,25.933152,0.176416,winter_20201103-2_T6
20201103-2,winter,T7,56.982368,71.095648,110.965664,16.935936,165.125376,71.801312,111.847744,125.25536,134.95824,27.520896,0.176416,winter_20201103-2_T7
20201103-2,winter,T8,56.629536,72.154144,112.376992,17.288768,164.94896,72.154144,111.494912,125.608192,134.07616,26.109568,0.176416,winter_20201103-2_T8
20201103-2,winter,T9,56.805952,71.095648,111.494912,17.288768,164.94896,71.801312,111.671328,125.078944,135.84032,26.109568,0.176416,winter_20201103-2_T9
20201103-2,winter,T10,56.982368,71.801312,112.376992,16.935936,165.125376,72.33056,112.02416,125.078944,134.252576,25.933152,0.176416,winter_20201103-2_T10
20201103-3,winter,T1,60.334272,71.801312,114.141152,16.406688,169.006528,69.507904,115.023232,124.37328,137.428064,24.69824,0.176416,winter_20201103-3_T1
20201103-3,winter,T2,61.392768,72.859808,115.728896,16.75952,168.653696,69.507904,114.846816,124.196864,139.192224,26.815232,0.176416,winter_20201103-3_T2
20201103-3,winter,T3,59.98144,71.624896,113.964736,16.053856,168.124448,70.213568,115.023232,124.020448,136.898816,26.109568,0.176416,winter_20201103-3_T3
20201103-3,winter,T4,60.157856,71.801312,113.78832,16.406688,168.300864,70.037152,115.199648,124.020448,136.193152,25.403904,0.176416,winter_20201103-3_T4
20201103-3,winter,T5,55.394624,67.390912,109.730752,13.936864,163.890464,67.92016,109.201504,121.72704,133.899744,23.286912,0.176416,winter_20201103-3_T5
20201103-3,winter,T6,61.392768,72.506976,115.55248,16.935936,169.182944,70.5664,116.081728,124.549696,138.133728,26.285984,0.176416,winter_20201103-3_T6
20201103-3,winter,T7,60.687104,71.801312,114.6704,16.053856,168.830112,70.037152,115.905312,124.196864,136.193152,25.58032,0.176416,winter_20201103-3_T7
20201103-3,winter,T8,60.510688,72.33056,113.964736,16.406688,168.653696,70.213568,116.43456,124.549696,137.075232,26.638816,0.176416,winter_20201103-3_T8
20201103-3,winter,T9,60.86352,71.977728,114.493984,16.230272,168.830112,69.68432,116.258144,124.020448,137.251648,25.58032,0.176416,winter_20201103-3_T9
20201103-3,winter,T10,61.039936,72.33056,115.023232,16.053856,169.182944,68.978656,115.905312,124.020448,137.780896,26.285984,0.176416,winter_20201103-3_T10
20201103-4,winter,T1,53.630464,70.389984,109.730752,18.347264,162.126304,76.564544,106.202432,126.313856,133.899744,29.10864,0.176416,winter_20201103-4_T1
20201103-4,winter,T2,55.041792,70.213568,111.671328,18.876512,162.479136,75.682464,106.202432,126.313856,133.017664,31.049216,0.176416,winter_20201103-4_T2
20201103-4,winter,T3,53.454048,70.5664,109.554336,18.700096,161.597056,75.506048,105.8496,126.666688,133.723328,29.10864,0.176416,winter_20201103-4_T3
20201103-4,winter,T4,53.983296,69.507904,111.494912,17.994432,161.949888,75.682464,105.8496,125.784608,132.841248,29.461472,0.176416,winter_20201103-4_T4
20201103-4,winter,T5,54.159712,70.389984,110.612832,18.700096,162.126304,76.035296,105.673184,126.666688,133.899744,28.932224,0.176416,winter_20201103-4_T5
20201103-4,winter,T6,54.336128,70.742816,111.14208,18.52368,162.655552,75.682464,105.8496,126.313856,135.663904,29.637888,0.176416,winter_20201103-4_T6
20201103-4,winter,T7,53.983296,69.68432,110.436416,17.818016,162.479136,75.153216,105.8496,125.961024,134.252576,28.402976,0.176416,winter_20201103-4_T7
20201103-4,winter,T8,53.101216,70.213568,108.672256,18.170848,161.597056,75.329632,105.673184,126.13744,132.664832,28.755808,0.176416,winter_20201103-4_T8
20201103-4,winter,T9,53.277632,69.860736,109.554336,17.994432,161.597056,75.85888,105.8496,125.961024,131.606336,29.461472,0.176416,winter_20201103-4_T9
20201103-4,winter,T10,54.512544,71.095648,111.494912,18.700096,162.655552,76.035296,105.8496,127.195936,133.899744,30.519968,0.176416,winter_20201103-4_T10
20201103-5,winter,T1,59.275776,74.9768,104.791104,26.991648,152.59984,74.09472,107.260928,120.315712,125.608192,35.988864,0.176416,winter_20201103-5_T1
20201103-5,winter,T2,58.922944,75.506048,106.026016,27.34448,152.423424,73.741888,107.260928,120.315712,125.962239617059,34.9307051038902,0.176416,winter_20201103-5_T2
20201103-5,winter,T3,58.746528,74.9768,104.96752,27.168064,152.247008,73.565472,106.73168,120.668544,124.726112,35.636032,0.176416,winter_20201103-5_T3
20201103-5,winter,T4,59.275776,74.800384,105.8496,27.168064,152.952672,73.741888,106.555264,120.315712,125.608192,35.636032,0.176416,winter_20201103-5_T4
20201103-5,winter,T5,59.452192,75.506048,106.026016,27.34448,153.129088,73.565472,107.084512,120.492128,124.549696,36.341696,0.176416,winter_20201103-5_T5
20201103-5,winter,T6,59.275776,75.682464,106.202432,27.168064,152.952672,73.389056,107.084512,120.315712,124.021644889065,34.5778696988004,0.176416,winter_20201103-5_T6
20201103-5,winter,T7,60.157856,75.682464,106.378848,26.638816,153.129088,73.741888,106.908096,120.139296,125.784608,34.048288,0.176416,winter_20201103-5_T7
20201103-5,winter,T8,58.746528,75.153216,105.143936,27.873728,152.776256,73.741888,106.908096,121.021376,126.843104,35.636032,0.176416,winter_20201103-5_T8
20201103-5,winter,T9,59.628608,75.153216,105.496768,26.638816,153.129088,73.741888,107.084512,120.139296,126.13744,34.930368,0.176416,winter_20201103-5_T9
20201103-5,winter,T10,66.508832,75.682464,105.8496,27.873728,153.129088,74.09472,107.437344,121.197792,124.549696,35.106784,0.176416,winter_20201103-5_T10
20201104-1,winter,T1,53.983296,71.624896,108.143008,16.75952,162.479136,72.154144,108.672256,124.902528,129.66576,26.991648,0.176416,winter_20201104-1_T1
20201104-1,winter,T2,58.393696,72.154144,109.37792,16.583104,163.1848,70.919232,109.025088,125.078944,131.959168,24.521824,0.176416,winter_20201104-1_T2
20201104-1,winter,T3,53.80688,71.801312,107.966592,17.112352,161.949888,71.44848,109.554336,125.431776,133.370496,27.697312,0.176416,winter_20201104-1_T3
20201104-1,winter,T4,55.041792,71.44848,110.083584,16.230272,163.008384,71.095648,107.966592,124.37328,132.841248,27.168064,0.176416,winter_20201104-1_T4
20201104-1,winter,T5,54.68896,70.919232,108.672256,16.935936,162.30272,71.977728,109.025088,125.078944,132.135584,27.520896,0.176416,winter_20201104-1_T5
20201104-1,winter,T6,55.394624,71.624896,109.554336,16.583104,163.1848,71.624896,109.025088,125.25536,133.546912,27.34448,0.176416,winter_20201104-1_T6
20201104-1,winter,T7,54.865376,70.919232,109.730752,16.583104,163.1848,71.624896,108.848672,124.549696,133.723328,27.34448,0.176416,winter_20201104-1_T7
20201104-1,winter,T8,53.983296,71.624896,109.554336,16.935936,162.479136,71.624896,108.319424,125.078944,131.077088,25.756736,0.176416,winter_20201104-1_T8
20201104-1,winter,T9,54.336128,70.5664,108.49584,16.75952,162.479136,71.44848,109.025088,124.196864,131.42992,26.285984,0.176416,winter_20201104-1_T9
20201104-1,winter,T10,55.394624,72.154144,110.26,16.583104,163.890464,71.624896,109.201504,125.431776,130.54784,24.521824,0.176416,winter_20201104-1_T10
20201106-1,winter,T1,63.862592,75.329632,118.022304,19.229344,171.652768,73.565472,118.727968,127.01952,141.662048,28.755808,0.176416,winter_20201106-1_T1
20201106-1,winter,T2,64.39184,75.506048,118.022304,19.229344,175.886752,73.21264,118.727968,127.548768,142.544128,30.343552,0.176416,winter_20201106-1_T2
20201106-1,winter,T3,63.862592,75.153216,117.669472,19.40576,171.299936,72.859808,118.727968,127.548768,142.367712,28.402976,0.176416,winter_20201106-1_T3
20201106-1,winter,T4,64.215424,74.800384,118.19872,19.229344,172.358432,73.036224,118.727968,127.195936,142.191296,30.519968,0.176416,winter_20201106-1_T4
20201106-1,winter,T5,64.215424,74.623968,118.19872,19.582176,172.358432,73.21264,119.0808,127.725184,142.367712,28.22656,0.176416,winter_20201106-1_T5
20201106-1,winter,T6,64.039008,75.329632,118.19872,19.052928,172.182016,72.683392,118.727968,127.195936,142.191296,27.697312,0.176416,winter_20201106-1_T6
20201106-1,winter,T7,64.215424,74.09472,118.022304,19.052928,172.358432,72.33056,118.727968,127.01952,142.367712,27.34448,0.176416,winter_20201106-1_T7
20201106-1,winter,T8,64.568256,73.741888,117.669472,19.052928,172.358432,72.859808,119.433632,127.372352,141.309216,27.168064,0.176416,winter_20201106-1_T8
20201106-1,winter,T9,64.215424,73.918304,118.022304,19.052928,172.358432,72.683392,118.727968,126.490272,142.191296,27.520896,0.176416,winter_20201106-1_T9
20201106-1,winter,T10,64.215424,74.800384,118.19872,19.40576,172.358432,72.859808,118.904384,127.195936,142.191296,39.6936,0.176416,winter_20201106-1_T10
20201106-2,winter,T1,63.862592,74.09472,118.904384,20.111424,171.652768,75.329632,117.669472,127.9016,143.602624,28.755808,0.176416,winter_20201106-2_T1
20201106-2,winter,T2,64.39184,74.09472,119.610048,19.582176,171.829184,74.9768,118.022304,127.9016,140.427136,30.8728,0.176416,winter_20201106-2_T2
20201106-2,winter,T3,63.333344,74.9768,118.375136,19.582176,171.299936,74.9768,118.022304,127.725184,142.720544,31.225632,0.176416,winter_20201106-2_T3
20201106-2,winter,T4,64.039008,73.036224,119.610048,19.052928,172.0056,74.623968,118.022304,127.372352,140.25072,27.873728,0.176416,winter_20201106-2_T4
20201106-2,winter,T5,63.333344,73.21264,119.257216,19.935008,171.476352,74.9768,117.669472,127.548768,140.779968,29.461472,0.176416,winter_20201106-2_T5
20201106-2,winter,T6,63.862592,73.918304,119.610048,19.582176,171.829184,74.447552,117.845888,127.548768,141.662048,27.873728,0.176416,winter_20201106-2_T6
20201106-2,winter,T7,64.039008,73.21264,119.433632,18.876512,172.182016,74.447552,117.669472,127.372352,141.485632,27.873728,0.176416,winter_20201106-2_T7
20201106-2,winter,T8,63.862592,73.741888,119.610048,19.582176,171.299936,74.800384,117.845888,127.725184,140.956384,28.932224,0.176416,winter_20201106-2_T8
20201106-2,winter,T9,63.862592,73.21264,119.257216,19.40576,171.829184,74.623968,118.022304,127.548768,143.426208,31.225632,0.176416,winter_20201106-2_T9
20201106-2,winter,T10,64.215424,74.09472,120.315712,19.758592,172.182016,75.153216,118.022304,127.725184,141.662048,29.285056,0.176416,winter_20201106-2_T10
20210215-1,winter,T1,62.980512,71.624896,117.493056,16.230272,172.0056,71.095648,119.257216,125.25536,141.662048,23.992576,0.176416,winter_20210215-1_T1
20210215-1,winter,T2,63.156928,72.33056,118.19872,16.935936,172.534848,70.037152,119.610048,125.431776,139.545056,24.521824,0.176416,winter_20210215-1_T2
20210215-1,winter,T3,62.980512,71.977728,117.845888,16.583104,171.12352,70.742816,119.786464,125.608192,140.427136,24.69824,0.176416,winter_20210215-1_T3
20210215-1,winter,T4,62.980512,72.33056,117.31664,16.406688,171.829184,70.389984,118.904384,124.902528,139.721472,24.69824,0.176416,winter_20210215-1_T4
20210215-1,winter,T5,63.862592,71.977728,118.19872,15.87744,173.064096,70.213568,118.551552,125.608192,139.897888,24.874656,0.176416,winter_20210215-1_T5
20210215-1,winter,T6,63.686176,72.33056,118.375136,17.112352,172.711264,70.389984,118.727968,125.784608,140.603552,25.756736,0.176416,winter_20210215-1_T6
20210215-1,winter,T7,62.980512,71.977728,116.963808,16.583104,172.0056,70.742816,118.727968,125.431776,139.192224,25.403904,0.176416,winter_20210215-1_T7
20210215-1,winter,T8,62.62768,71.977728,117.493056,17.288768,172.182016,69.860736,118.375136,125.961024,139.721472,24.521824,0.176416,winter_20210215-1_T8
20210215-1,winter,T9,62.980512,72.683392,117.31664,16.583104,172.0056,69.68432,118.727968,125.078944,139.36864,25.403904,0.176416,winter_20210215-1_T9
20210215-1,winter,T10,63.862592,71.977728,118.375136,16.75952,172.0056,70.742816,118.727968,125.784608,139.897888,25.756736,0.176416,winter_20210215-1_T10
20210302-1,winter,T2,55.041792,67.390912,109.554336,12.172704,163.890464,67.743744,109.025088,121.550624,131.077088,22.052,0.176416,winter_20210302-1_T2
20210302-1,winter,T3,54.159712,67.567328,110.436416,13.2312,163.361216,67.92016,109.37792,122.079872,132.312,22.93408,0.176416,winter_20210302-1_T3
20210302-1,winter,T4,54.512544,68.096576,109.37792,12.525536,163.537632,67.92016,109.37792,121.72704,133.370496,22.052,0.176416,winter_20210302-1_T4
20210302-1,winter,T5,54.68896,68.096576,108.919893949969,13.407616,164.419712,68.272992,109.37792,122.079872,132.488416,22.404832,0.176416,winter_20210302-1_T5
20210302-1,winter,T6,55.041792,67.743744,109.37792,12.34912,163.890464,68.096576,108.49584,122.432704,133.370496,22.228416,0.176416,winter_20210302-1_T6
20210302-1,winter,T7,53.630464,67.743744,109.554336,12.525536,162.655552,67.567328,108.848672,121.72704,131.253504,21.875584,0.176416,winter_20210302-1_T7
20210302-1,winter,T8,53.454048,67.567328,109.025088,13.407616,163.1848,67.567328,109.201504,122.785536,131.959168,22.228416,0.176416,winter_20210302-1_T8
20210302-1,winter,T9,54.336128,67.743744,109.201504,13.054784,164.94896,67.92016,109.201504,122.079872,131.782752,22.404832,0.176416,winter_20210302-1_T9
20210302-1,winter,T10,54.512544,68.272992,109.025088,12.525536,164.419712,67.743744,109.201504,122.079872,131.959168,22.93408,0.176416,winter_20210302-1_T10
20201031-1,spring,T1,53.370872,71.221265,108.003893,14.244253,164.620291,68.877274,109.98727,125.133058,133.42718,24.882366,0.180307,spring_20201031-1_T1
20201031-1,spring,T2,54.993635,71.762186,109.98727,13.883639,165.341519,69.057581,110.528191,124.952751,134.148408,25.24298,0.180307,spring_20201031-1_T2
20201031-1,spring,T3,53.731486,71.221265,107.643279,14.244253,164.439984,69.418195,110.528191,124.592137,133.968101,24.521752,0.180307,spring_20201031-1_T3
20201031-1,spring,T4,54.813328,70.680344,110.347884,13.162411,165.521826,67.975739,110.347884,124.41183,132.525645,23.800524,0.180307,spring_20201031-1_T4
20201031-1,spring,T5,54.272407,71.040958,108.544814,14.604867,164.620291,69.237888,110.347884,125.133058,132.345338,23.800524,0.180307,spring_20201031-1_T5
20201031-1,spring,T6,55.534556,71.401572,109.626656,14.063946,166.062747,68.51666,110.528191,124.952751,134.328715,25.603594,0.180307,spring_20201031-1_T6
20201031-1,spring,T7,54.452714,70.500037,109.626656,13.523025,164.980905,68.336353,110.347884,124.231523,131.984724,23.43991,0.180307,spring_20201031-1_T7
20201031-1,spring,T8,54.452714,70.31973,108.725121,13.883639,164.980905,69.057581,110.528191,124.41183,133.066566,25.423287,0.180307,spring_20201031-1_T8
20201031-1,spring,T9,53.911793,70.31973,108.725121,13.883639,164.800598,68.336353,110.528191,124.41183,130.722575,24.341445,0.180307,spring_20201031-1_T9
20201031-1,spring,T10,54.993635,71.401572,110.347884,14.244253,164.439984,68.877274,110.347884,124.952751,132.886259,24.161138,0.180307,spring_20201031-1_T10
20201101-1,spring,T1,53.731486,71.762186,109.626656,13.883639,164.259677,68.696967,109.98727,124.592137,131.443803,22.358068,0.180307,spring_20201101-1_T1
20201101-1,spring,T2,54.633021,70.860651,109.446349,13.703332,165.161212,68.696967,110.167577,124.41183,133.246873,21.63684,0.180307,spring_20201101-1_T2
20201101-1,spring,T3,53.190565,71.221265,108.544814,14.42456,164.259677,69.778809,110.347884,124.592137,130.361961,22.718682,0.180307,spring_20201101-1_T3
20201101-1,spring,T4,53.551179,70.860651,108.905428,13.883639,164.620291,67.975739,110.347884,124.41183,130.542268,22.177761,0.180307,spring_20201101-1_T4
20201101-1,spring,T5,53.010258,70.860651,108.003893,14.965481,164.259677,69.418195,110.528191,124.952751,130.001347,23.620217,0.180307,spring_20201101-1_T5
20201101-1,spring,T6,54.813328,71.581879,108.905428,14.244253,165.161212,68.51666,110.528191,124.772444,131.984724,24.341445,0.180307,spring_20201101-1_T6
20201101-1,spring,T7,54.813328,70.500037,109.626656,13.883639,165.161212,68.156046,110.347884,124.41183,133.787794,23.800524,0.180307,spring_20201101-1_T7
20201101-1,spring,T8,53.551179,71.221265,109.085735,14.965481,164.07937,69.237888,110.528191,125.313365,131.62411,23.43991,0.180307,spring_20201101-1_T8
20201101-1,spring,T9,54.272407,71.040958,109.085735,14.063946,164.800598,67.975739,110.347884,124.41183,131.62411,21.63684,0.180307,spring_20201101-1_T9
20201101-1,spring,T10,55.354249,71.581879,109.446349,13.883639,165.702133,69.237888,110.528191,124.772444,134.148408,21.456533,0.180307,spring_20201101-1_T10
20201101-3,spring,T1,53.370872,71.581879,107.643279,14.063946,164.259677,68.696967,110.528191,124.952751,132.705952,20.735305,0.180307,spring_20201101-3_T1
20201101-3,spring,T2,54.272407,71.221265,109.626656,14.785174,164.800598,68.696967,110.528191,125.313365,133.787794,21.817147,0.180307,spring_20201101-3_T2
20201101-3,spring,T3,53.551179,71.581879,108.1842,14.244253,164.259677,69.418195,110.528191,124.952751,133.246873,21.63684,0.180307,spring_20201101-3_T3
20201101-3,spring,T4,53.551179,70.860651,108.364507,13.883639,164.07937,68.51666,110.528191,124.41183,131.443803,24.702059,0.180307,spring_20201101-3_T4
20201101-3,spring,T5,53.911793,70.860651,107.643279,14.063946,164.620291,69.237888,110.167577,124.772444,131.984724,25.24298,0.180307,spring_20201101-3_T5
20201101-3,spring,T6,54.452714,71.401572,109.446349,14.604867,165.341519,68.336353,110.708498,124.41183,131.443803,22.898989,0.180307,spring_20201101-3_T6
20201101-3,spring,T7,54.813328,70.139423,109.446349,13.703332,165.161212,68.156046,110.167577,124.231523,129.640733,23.980831,0.180307,spring_20201101-3_T7
20201101-3,spring,T8,53.551179,71.221265,108.725121,14.785174,164.439984,68.877274,110.347884,125.313365,133.787794,24.521752,0.180307,spring_20201101-3_T8
20201101-3,spring,T9,54.813328,71.401572,109.446349,13.883639,165.341519,68.51666,110.347884,124.051216,130.542268,23.800524,0.180307,spring_20201101-3_T9
20201101-3,spring,T10,54.993635,71.040958,108.725121,13.703332,165.341519,68.51666,110.528191,124.41183,131.443803,22.718682,0.180307,spring_20201101-3_T10
20201103-1,spring,T1,53.551179,71.581879,107.643279,14.244253,164.439984,69.057581,110.528191,124.952751,130.542268,23.980831,0.180307,spring_20201103-1_T1
20201103-1,spring,T2,54.272407,71.581879,107.643279,14.604867,165.161212,69.237888,110.347884,125.133058,133.607487,23.259603,0.180307,spring_20201103-1_T2
20201103-1,spring,T3,53.370872,71.581879,107.282665,14.063946,164.07937,69.057581,110.528191,124.41183,130.722575,25.062673,0.180307,spring_20201103-1_T3
20201103-1,spring,T4,54.452714,70.680344,107.643279,13.883639,165.161212,69.418195,110.528191,124.41183,131.984724,24.882366,0.180307,spring_20201103-1_T4
20201103-1,spring,T5,53.551179,71.221265,108.003893,14.604867,163.899063,69.237888,110.528191,125.133058,132.705952,22.358068,0.180307,spring_20201103-1_T5
20201103-1,spring,T6,54.813328,70.860651,108.725121,14.42456,165.161212,69.598502,110.528191,124.952751,133.066566,24.702059,0.180307,spring_20201103-1_T6
20201103-1,spring,T7,54.272407,70.860651,109.085735,13.883639,164.980905,68.51666,110.528191,124.231523,126.26232,23.625307,0.180307,spring_20201103-1_T7
20201103-1,spring,T8,53.731486,70.860651,108.905428,14.604867,164.800598,68.696967,110.528191,124.772444,134.328715,22.898989,0.180307,spring_20201103-1_T8
20201103-1,spring,T9,54.272407,70.500037,109.446349,13.883639,164.980905,68.51666,110.708498,124.231523,134.148408,24.882366,0.180307,spring_20201103-1_T9
20201103-1,spring,T10,54.452714,70.860651,109.085735,14.42456,165.161212,68.877274,110.528191,124.952751,131.083189,24.702059,0.180307,spring_20201103-1_T10
20201103-4,spring,T1,53.551179,71.221265,107.643279,14.063946,164.07937,69.237888,110.347884,124.952751,131.443803,24.341445,0.180307,spring_20201103-4_T1
20201103-4,spring,T2,54.452714,70.860651,109.626656,13.883639,165.161212,68.877274,110.347884,124.41183,133.246873,24.702059,0.180307,spring_20201103-4_T2
20201103-4,spring,T3,53.551179,71.581879,108.003893,14.063946,164.07937,69.057581,110.528191,125.313365,133.787794,24.702059,0.180307,spring_20201103-4_T3
20201103-4,spring,T4,53.010258,70.500037,107.823586,13.523025,164.620291,68.156046,110.347884,124.231523,133.787794,21.997454,0.180307,spring_20201103-4_T4
20201103-4,spring,T5,54.813328,70.31973,109.446349,14.604867,165.521826,69.418195,110.528191,125.313365,131.984724,26.144515,0.180307,spring_20201103-4_T5
20201103-4,spring,T6,54.813328,71.762186,109.98727,14.42456,165.702133,69.418195,110.528191,125.133058,135.049943,25.24298,0.180307,spring_20201103-4_T6
20201103-4,spring,T7,53.911793,70.31973,108.544814,13.883639,164.800598,68.51666,110.528191,124.231523,130.181654,22.358068,0.180307,spring_20201103-4_T7
20201103-4,spring,T8,53.731486,70.860651,109.266042,14.604867,164.620291,69.418195,110.347884,124.952751,131.804417,22.358068,0.180307,spring_20201103-4_T8
20201103-4,spring,T9,54.272407,70.31973,109.085735,13.523025,164.620291,68.156046,110.528191,124.41183,131.984724,23.43991,0.180307,spring_20201103-4_T9
20201103-4,spring,T10,54.813328,71.040958,109.446349,14.42456,165.341519,69.237888,110.528191,124.772444,134.148408,21.997454,0.180307,spring_20201103-4_T10
20201103-5,spring,T1,53.370872,71.581879,108.1842,14.42456,164.07937,68.877274,109.806963,124.952751,131.984724,23.43991,0.180307,spring_20201103-5_T1
20201103-5,spring,T2,54.272407,71.221265,108.725121,14.604867,164.980905,69.237888,109.626656,124.952751,132.345338,25.24298,0.180307,spring_20201103-5_T2
20201103-5,spring,T3,53.551179,71.581879,107.643279,14.604867,164.439984,69.237888,109.626656,124.772444,132.345338,24.161138,0.180307,spring_20201103-5_T3
20201103-5,spring,T4,53.551179,70.860651,108.1842,13.883639,164.07937,68.156046,109.266042,124.41183,130.361961,26.144515,0.180307,spring_20201103-5_T4
20201103-5,spring,T5,53.551179,70.860651,108.364507,14.604867,164.07937,68.51666,110.528191,124.952751,131.804417,25.423287,0.180307,spring_20201103-5_T5
20201103-5,spring,T6,54.452714,71.581879,109.085735,14.244253,165.161212,69.057581,110.528191,124.772444,134.328715,25.603594,0.180307,spring_20201103-5_T6
20201103-5,spring,T7,53.731486,70.139423,108.364507,13.703332,164.620291,68.156046,110.528191,124.231523,131.443803,24.702059,0.180307,spring_20201103-5_T7
20201103-5,spring,T8,53.911793,70.680344,108.725121,14.604867,164.620291,69.237888,110.347884,124.952751,131.083189,25.24298,0.180307,spring_20201103-5_T8
20201103-5,spring,T9,54.452714,70.31973,108.905428,14.244253,165.161212,68.51666,110.528191,124.592137,132.525645,23.980831,0.180307,spring_20201103-5_T9
20201103-5,spring,T10,54.633021,70.860651,108.905428,14.063946,165.161212,68.696967,110.888805,124.41183,132.165031,24.702059,0.180307,spring_20201103-5_T10
20201106-1,spring,T1,53.370872,70.860651,107.643279,13.883639,163.718756,68.877274,110.167577,124.41183,128.558891,23.620217,0.180307,spring_20201106-1_T1
20201106-1,spring,T2,54.272407,71.581879,108.905428,14.604867,164.800598,69.598502,110.167577,124.772444,129.099812,24.882366,0.180307,spring_20201106-1_T2
20201106-1,spring,T3,53.370872,71.221265,107.462972,14.604867,164.07937,69.237888,110.528191,124.952751,130.181654,24.341445,0.180307,spring_20201106-1_T3
20201106-1,spring,T4,53.551179,70.860651,108.1842,14.063946,164.07937,68.51666,110.167577,124.592137,129.640733,21.817147,0.180307,spring_20201106-1_T4
20201106-1,spring,T5,53.731486,70.680344,108.725121,14.604867,164.439984,69.598502,110.347884,124.952751,131.263496,26.144515,0.180307,spring_20201106-1_T5
20201106-1,spring,T6,54.272407,70.860651,109.446349,14.785174,164.800598,69.237888,110.347884,125.313365,131.804417,24.882366,0.180307,spring_20201106-1_T6
20201106-1,spring,T7,54.272407,71.040958,108.905428,13.883639,164.980905,68.51666,109.806963,124.41183,131.443803,23.43991,0.180307,spring_20201106-1_T7
20201106-1,spring,T8,54.272407,71.221265,108.544814,14.785174,164.620291,69.418195,109.98727,125.133058,131.984724,24.882366,0.180307,spring_20201106-1_T8
20201106-1,spring,T9,54.272407,70.860651,109.266042,14.42456,164.980905,69.598502,109.98727,124.952751,133.246873,27.586971,0.180307,spring_20201106-1_T9
20201106-1,spring,T10,54.0921,71.221265,108.905428,14.42456,164.620291,68.696967,109.98727,125.133058,136.672706,22.898989,0.180307,spring_20201106-1_T10
20200623-1,summer,T1,168.6783,170.2164,125.35515,105.87255,190.46805,61.524,234.8166,127.1496,140.9925,131.50755,0.25635,summer_20200623-1_T1
20200623-1,summer,T2,168.42195,170.47275,125.6115,104.84715,190.46805,60.75495,235.3293,125.35515,137.165801391822,134.350831587139,0.25635,summer_20200623-1_T2
20200623-1,summer,T3,169.44735,170.47275,125.6115,105.87255,190.7244,61.0113,235.58565,126.38055,141.24885,132.7893,0.25635,summer_20200623-1_T3
20200623-1,summer,T4,169.191,169.96005,125.35515,104.84715,190.2117,60.24225,235.3293,126.1242,139.9671,132.2766,0.25635,summer_20200623-1_T4
20200623-1,summer,T5,169.44735,169.96005,125.6115,104.33445,190.7244,59.4732,235.842,125.0988,140.73615,133.04565,0.25635,summer_20200623-1_T5
20200623-1,summer,T6,169.44735,170.47275,125.6115,103.5654,191.2371,60.4986,235.842,125.86785,140.4798,135.8655,0.25635,summer_20200623-1_T6
20200623-1,summer,T7,168.93465,170.47275,125.35515,105.1035,190.2117,60.24225,235.3293,126.1242,139.9671,132.7893,0.25635,summer_20200623-1_T7
20200623-1,summer,T8,169.96005,170.47275,125.86785,104.0781,190.7244,60.4986,236.09835,125.86785,137.933520429463,134.606737933019,0.25635,summer_20200623-1_T8
20200623-1,summer,T9,168.42195,169.96005,125.35515,105.1035,189.699,60.24225,235.58565,126.38055,139.71075,132.02025,0.25635,summer_20200623-1_T9
20200623-1,summer,T10,169.191,169.96005,125.6115,104.33445,190.46805,59.9859,235.58565,125.86785,139.9671,133.04565,0.25635,summer_20200623-1_T10
20200625-3,summer,T1,189.91107,165.14781,137.86528,106.00731,204.82365,57.9351,250.1976,123.048,153.543807528159,132.815393511857,0.25635,summer_20200625-3_T1
20200625-3,summer,T2,185.85375,168.1656,140.4798,102.79635,205.33635,58.19145,250.45395,123.81705,153.799713874039,131.024049090695,0.25635,summer_20200625-3_T2
20200625-3,summer,T3,190.936,164.6944,139.9671,105.1035,205.08,58.70415,250.1976,123.048,154.3227,133.55835,0.25635,summer_20200625-3_T3
20200625-3,summer,T4,185.5974,168.1656,139.9671,103.0527,204.5673,58.19145,250.1976,123.5607,155.09175,132.7893,0.25635,summer_20200625-3_T4
20200625-3,summer,T5,186.1101,167.90925,140.22345,102.79635,205.33635,57.4224,250.45395,121.76625,155.3481,130.48215,0.25635,summer_20200625-3_T5
20200625-3,summer,T6,184.85666,166.45453,137.06166,106.65176,198.99272,59.67383,241.45174,121.25404,156.3735,132.02025,0.25635,summer_20200625-3_T6
20200625-3,summer,T7,186.36645,168.42195,136.45967,104.54351,194.81493,59.21093,240.47205,123.99969,151.8446,130.76532,0.25635,summer_20200625-3_T7
20200625-3,summer,T8,186.11482,163.27605,138.2968,104.11789,197.62833,60.985485,243.25797,118.616234,152.7584,132.93721,0.25635,summer_20200625-3_T8
20200625-3,summer,T9,185.85375,168.1656,139.9671,103.30905,205.08,57.67875,250.45395,123.30435,155.3481,131.50755,0.25635,summer_20200625-3_T9
20200625-3,summer,T10,186.1101,168.42195,137.472,104.24216,197.50497,54.52667,241.38266,121.061844,152.2719,130.2258,0.25635,summer_20200625-3_T10
20200625-7,summer,T1,158.4243,164.064,115.3575,98.18205,179.445,54.60255,224.5626,118.17735,126.417734864851,128.464985631893,0.25635,summer_20200625-7_T1
20200625-7,summer,T2,157.9116,162.78225,115.8702,97.9257,179.9577,53.57715,225.33165,119.20275,128.43135,126.38055,0.25635,summer_20200625-7_T2
20200625-7,summer,T3,159.19335,163.5513,115.3575,98.69475,180.21405,54.60255,224.81895,119.71545,127.697266594252,128.209079286013,0.25635,summer_20200625-7_T3
20200625-7,summer,T4,159.19335,163.29495,115.3575,98.4384,180.21405,53.8335,224.5626,118.69005,129.2004,125.86785,0.25635,summer_20200625-7_T4
20200625-7,summer,T5,158.4243,163.0386,116.12655,97.413,180.21405,53.8335,224.81895,118.69005,129.7131,126.38055,0.25635,summer_20200625-7_T5
20200625-7,summer,T6,159.19335,163.80765,116.12655,98.9511,179.9577,54.08985,225.33165,120.9972,131.50755,126.38055,0.25635,summer_20200625-7_T6
20200625-7,summer,T7,158.68065,163.0386,116.12655,97.66935,179.9577,53.8335,224.30625,119.71545,128.94405,125.0988,0.25635,summer_20200625-7_T7
20200625-7,summer,T8,159.19335,163.5513,116.63925,97.9257,180.9831,54.3462,225.588,118.4337,128.94405,123.81705,0.25635,summer_20200625-7_T8
20200625-7,summer,T9,158.68065,163.5513,115.3575,97.413,180.9831,53.8335,224.5626,117.921,130.99485,124.0734,0.25635,summer_20200625-7_T9
20200625-7,summer,T10,159.70605,162.78225,116.12655,98.69475,180.4704,53.8335,224.5626,119.71545,130.2258,125.86785,0.25635,summer_20200625-7_T10
20200731-2,summer,T1,189.1863,171.2418,142.0179,107.1543,205.5927,61.0113,252.7611,124.0734,152.94719,133.17538,0.25635,summer_20200731-2_T1
20200731-2,summer,T2,186.64897,163.58,138.51852,106.376724,196.27904,58.70175,239.08682,129.6195,149.5685,128.49469,0.25635,summer_20200731-2_T2
20200731-2,summer,T3,191.2371,171.7545,142.0179,107.41065,205.5927,60.75495,252.2484,124.0734,160.21875,136.8909,0.25635,summer_20200731-2_T3
20200731-2,summer,T4,182.57798,165.060363,136.193304,103.62534,197.628327,58.474299,242.285914,119.415868,154.204375,127.557859,0.246727,summer_20200731-2_T4
20200731-2,summer,T5,182.084526,164.566909,136.686758,103.131886,198.615235,58.227572,243.766276,119.909322,152.477286,131.258764,0.246727,summer_20200731-2_T5
20200731-2,summer,T6,190.7244,172.2672,142.0179,107.92335,205.84905,61.26765,252.7611,124.0734,159.19335,125.0988,0.25635,summer_20200731-2_T6
20200731-2,summer,T7,188.6736,171.49815,141.5052,107.41065,204.82365,60.75495,251.7357,124.0734,156.62985,134.8401,0.25635,summer_20200731-2_T7
20200731-2,summer,T8,190.2117,170.98545,142.0179,107.92335,205.84905,60.75495,253.01745,124.0734,158.4243,136.3782,0.25635,summer_20200731-2_T8
20200731-2,summer,T9,182.331253,165.060363,136.440031,102.885159,197.628327,58.721026,242.779368,119.662595,150.750197,129.284948,0.246727,summer_20200731-2_T9
20200731-2,summer,T10,189.44265,171.2418,141.76155,105.6162,205.33635,60.4986,251.99205,122.5353,158.68065,135.8655,0.25635,summer_20200731-2_T10
20200731-3,summer,T1,189.699,170.98545,142.0179,107.667,205.33635,60.24225,252.7611,123.81705,156.62985,134.58375,0.25635,summer_20200731-3_T1
20200731-3,summer,T2,188.6736,171.49815,142.5306,106.89795,205.33635,60.24225,252.7611,123.5607,155.8608,133.8147,0.25635,summer_20200731-3_T2
20200731-3,summer,T3,189.44265,171.49815,141.76155,107.667,205.08,60.75495,252.50475,123.81705,160.4751,136.3782,0.25635,summer_20200731-3_T3
20200731-3,summer,T4,182.57798,165.060363,136.193304,103.62534,197.628327,58.474299,242.285914,119.662595,153.957648,127.311132,0.246727,summer_20200731-3_T4
20200731-3,summer,T5,181.837799,164.073455,136.686758,103.131886,197.875054,57.980845,243.766276,118.675687,152.477286,130.025129,0.246727,summer_20200731-3_T5
20200731-3,summer,T6,189.699,172.01085,142.0179,108.1797,205.84905,61.26765,252.7611,123.81705,158.4243,123.81705,0.25635,summer_20200731-3_T6
20200731-3,summer,T7,188.92995,171.49815,141.24885,108.43605,204.82365,60.75495,251.7357,124.0734,157.3989,135.60915,0.25635,summer_20200731-3_T7
20200731-3,summer,T8,190.46805,170.98545,142.27425,108.1797,206.1054,60.75495,253.01745,124.0734,157.3989,132.53295,0.25635,summer_20200731-3_T8
20200731-3,summer,T9,181.837799,165.060363,136.193304,103.62534,197.875054,58.721026,242.532641,119.662595,150.50347,129.038221,0.246727,summer_20200731-3_T9
20200731-3,summer,T10,189.95535,170.98545,142.0179,106.38525,205.33635,60.75495,252.2484,122.79165,157.9116,135.3528,0.25635,summer_20200731-3_T10
20200804-2,summer,T1,168.6783,173.8053,122.27895,110.48685,185.5974,63.5748,233.02215,127.40595,136.8909,139.19805,0.25635,summer_20200804-2_T1
20200804-2,summer,T2,168.1656,173.2926,122.27895,108.43605,185.5974,63.0621,233.02215,126.89325,133.839018895378,138.957145812984,0.25635,summer_20200804-2_T2
20200804-2,summer,T3,166.88385,174.318,122.27895,110.48685,186.6228,64.0875,233.53485,127.40595,135.11855062478,138.189426775343,0.25635,summer_20200804-2_T3
20200804-2,summer,T4,170.47275,174.06165,122.5353,109.7178,186.36645,63.31845,233.2785,126.89325,137.933520429463,136.398082354181,0.25635,summer_20200804-2_T4
20200804-2,summer,T5,169.191,173.8053,122.5353,108.94875,186.1101,62.80575,233.2785,127.91865,138.9417,138.429,0.25635,summer_20200804-2_T5
20200804-2,summer,T6,168.6783,174.318,122.79165,109.7178,186.36645,63.31845,233.53485,127.91865,138.429,136.3782,0.25635,summer_20200804-2_T6
20200804-2,summer,T7,167.6529,174.318,121.76625,110.99955,186.1101,63.83115,233.02215,127.6623,137.9163,135.3528,0.25635,summer_20200804-2_T7
20200804-2,summer,T8,168.93465,173.54895,122.79165,109.7178,186.6228,63.83115,233.53485,125.6115,139.4544,137.9163,0.25635,summer_20200804-2_T8
20200804-2,summer,T9,169.191,173.8053,122.27895,108.94875,186.1101,63.5748,232.7658,127.1496,137.65995,135.60915,0.25635,summer_20200804-2_T9
20200804-2,summer,T10,168.6783,173.54895,122.79165,108.94875,186.87915,63.31845,233.53485,127.6623,137.933520429463,138.189426775343,0.25635,summer_20200804-2_T10
20200810-2,summer,T1,187.6482,168.1656,140.9925,103.82175,205.33635,57.67875,251.47935,121.76625,157.9116,132.02025,0.25635,summer_20200810-2_T1
20200810-2,summer,T2,188.1609,167.39655,140.73615,103.0527,205.5927,56.65335,251.7357,121.25355,154.311526565799,132.047674474216,0.25635,summer_20200810-2_T2
20200810-2,summer,T3,186.87915,167.6529,140.9925,104.0781,205.84905,57.9351,251.7357,121.25355,153.799713874039,133.327206203618,0.25635,summer_20200810-2_T3
20200810-2,summer,T4,186.36645,167.39655,140.9925,102.79635,205.33635,57.4224,251.223,121.25355,155.60445,130.7385,0.25635,summer_20200810-2_T4
20200810-2,summer,T5,187.1355,167.39655,140.9925,102.79635,205.33635,57.16605,251.7357,120.74085,156.62985,130.2258,0.25635,summer_20200810-2_T5
20200810-2,summer,T6,187.1355,168.6783,140.9925,104.0781,205.84905,57.9351,251.7357,122.27895,152.776088490518,133.327206203618,0.25635,summer_20200810-2_T6
20200810-2,summer,T7,187.1355,168.1656,140.22345,104.0781,205.33635,57.9351,250.7103,122.27895,156.3735,130.2258,0.25635,summer_20200810-2_T7
20200810-2,summer,T8,187.90455,168.42195,141.5052,103.0527,205.33635,57.4224,251.7357,122.27895,157.65525,130.48215,0.25635,summer_20200810-2_T8
20200810-2,summer,T9,187.90455,167.6529,140.9925,103.30905,205.33635,57.16605,251.223,121.76625,155.846964641081,130.000423707174,0.25635,summer_20200810-2_T9
20240223-1,winter,T1,86.931944,158.59206,148.606634,103.084839,205.288611,160.354194,146.8445,219.091994,171.808065,112.482887,0.293689,winter_20240223-1_T1
20240223-1,winter,T2,86.931944,158.59206,148.606634,103.084839,205.288611,160.354194,146.8445,219.091994,171.808065,112.482887,0.293689,winter_20240223-1_T2
20240223-1,winter,T3,86.050877,157.710993,148.900323,102.79115,204.407544,159.473127,145.376055,217.623549,171.514376,112.773576,0.293689,winter_20240223-1_T3
20240223-1,winter,T4,86.344566,158.59206,146.8445,102.203772,205.288611,161.822639,145.082366,218.504616,171.808065,112.776576,0.293689,winter_20240223-1_T4
20240223-1,winter,T6,69.310604,157.417304,129.22316,104.846973,187.373582,161.822639,125.698892,219.385683,154.48094,116.30124,0.293689,winter_20240223-1_T6
20240223-1,winter,T7,72.834872,159.179438,132.16005,103.084839,190.016783,160.941572,128.342093,218.210927,156.536237,113.363954,0.293689,winter_20240223-1_T7
20240223-1,winter,T8,73.715939,160.354194,136.271696,105.72804,192.072606,162.703706,130.397916,222.616262,158.298371,114.245021,0.293689,winter_20240223-1_T8
20240223-1,winter,T10,72.834872,160.060505,135.684318,106.315418,190.89785,162.997395,131.866361,221.735195,158.59206,114.53871,0.293689,winter_20240223-1_T10
20240225-1,winter,T2,95.155236,145.376055,155.65517,91.337279,213.218214,146.8445,153.011969,204.994922,181.499802,100.441638,0.293689,winter_20240225-1_T2
20240225-1,winter,T4,96.036303,146.8445,155.948859,92.512035,213.805592,146.8445,153.305658,205.288611,179.443979,99.560571,0.293689,winter_20240225-1_T4
20240225-1,winter,T5,96.91737,145.963433,157.710993,92.512035,214.980348,147.725567,152.424591,202.64541,179.443979,100.441638,0.293689,winter_20240225-1_T5
20240225-1,winter,T6,97.504748,147.138189,156.536237,92.218346,214.099281,146.8445,153.893036,205.875989,178.562912,99.560571,0.293689,winter_20240225-1_T6
20240225-1,winter,T7,95.155236,145.082366,155.067792,90.456212,212.924525,145.963433,152.424591,205.288611,178.562912,100.147949,0.293689,winter_20240225-1_T7
20240225-1,winter,T8,96.036303,145.376055,157.417304,91.630968,213.218214,144.494988,153.893036,204.994922,178.562912,100.147949,0.293689,winter_20240225-1_T8
20240225-1,winter,T9,95.155236,145.082366,154.186725,91.630968,213.805592,145.082366,154.186725,204.994922,178.856601,99.560571,0.293689,winter_20240225-1_T9
20240225-1,winter,T10,95.155236,145.082366,154.186725,91.630968,213.805592,145.082366,154.186725,204.994922,178.856601,99.560571,0.293689,winter_20240225-1_T10
20240225-2,winter,T1,99.560571,126.873648,158.59206,72.247494,217.32986,126.873648,158.59206,186.492515,188.254649,79.29603,0.293689,winter_20240225-2_T1
20240225-2,winter,T2,100.441638,126.579959,161.235261,73.128561,219.973061,127.461026,160.941572,185.905137,183.849314,80.764475,0.293689,winter_20240225-2_T2
20240225-2,winter,T3,101.029016,124.817825,162.116328,72.247494,218.504616,129.22316,160.060505,185.611448,184.143003,81.645542,0.293689,winter_20240225-2_T3
20240225-2,winter,T5,100.441638,126.873648,160.060505,73.715939,218.504616,128.342093,157.710993,185.905137,184.730381,81.058164,0.293689,winter_20240225-2_T5
20240225-2,winter,T6,102.203772,125.111514,162.116328,71.953805,219.385683,127.461026,158.59206,185.611448,188.548338,81.939231,0.293689,winter_20240225-2_T6
20240225-2,winter,T7,101.029016,125.698892,161.235261,73.715939,219.973061,128.342093,160.060505,187.373582,184.730381,82.526609,0.293689,winter_20240225-2_T7
20240225-2,winter,T8,99.560571,125.698892,160.941572,73.715939,217.623549,125.698892,155.65517,186.786204,187.373582,81.058164,0.293689,winter_20240225-2_T8
20240225-2,winter,T9,102.203772,125.111514,162.703706,72.834872,218.210927,127.754715,158.59206,186.492515,188.254649,81.645542,0.293689,winter_20240225-2_T9
20240225-2,winter,T10,101.322705,125.992581,162.703706,72.834872,218.504616,127.754715,159.179438,185.905137,189.429405,81.058164,0.293689,winter_20240225-2_T10
20240225-3,winter,T1,82.526609,147.138189,141.851787,92.512035,199.70852,145.376055,139.208586,206.757056,167.109041,103.084839,0.293689,winter_20240225-3_T1
20240225-3,winter,T2,81.645542,145.963433,140.97072,90.749901,199.70852,145.963433,138.03383,205.875989,167.109041,101.029016,0.293689,winter_20240225-3_T2
20240225-3,winter,T3,80.764475,146.257122,140.677031,91.337279,197.946386,146.8445,139.208586,206.169678,167.40273,101.322705,0.293689,winter_20240225-3_T3
20240225-3,winter,T4,81.645542,147.138189,142.439165,91.630968,199.121142,147.725567,138.914897,205.288611,167.109041,102.79115,0.293689,winter_20240225-3_T4
20240225-3,winter,T5,82.526609,147.725567,140.677031,93.393102,199.70852,152.424591,139.208586,206.757056,166.521663,101.910083,0.293689,winter_20240225-3_T5
20240225-3,winter,T6,81.645542,147.725567,140.97072,91.630968,199.121142,148.019256,138.03383,207.050745,167.990108,100.441638,0.293689,winter_20240225-3_T6
20240225-3,winter,T7,82.526609,146.257122,142.439165,91.337279,200.002209,148.019256,140.97072,205.288611,167.40273,96.91737,0.293689,winter_20240225-3_T7
20240225-3,winter,T8,81.645542,145.082366,140.97072,91.337279,200.002209,147.725567,138.914897,118.944045,167.990108,98.679504,0.293689,winter_20240225-3_T8
20240225-3,winter,T9,81.939231,145.376055,142.732854,90.749901,199.121142,147.138189,138.327519,205.288611,167.109041,99.266882,0.293689,winter_20240225-3_T9
20240225-3,winter,T10,81.058164,144.201299,143.613921,90.749901,198.827453,147.138189,138.914897,205.875989,167.40273,96.91737,0.293689,winter_20240225-3_T10
20240225-4,winter,T1,71.072738,146.257122,131.866361,91.337279,189.429405,146.8445,130.104227,205.288611,154.186725,99.266882,0.293689,winter_20240225-4_T1
20240225-4,winter,T2,71.072738,144.201299,130.104227,91.630968,189.135716,146.8445,125.992581,204.407544,154.186725,99.560571,0.293689,winter_20240225-4_T2
20240225-4,winter,T3,70.191671,145.082366,132.16005,91.630968,188.254649,146.8445,129.22316,205.875989,154.774103,99.266882,0.293689,winter_20240225-4_T3
20240225-4,winter,T5,71.366427,146.257122,130.985294,90.456212,188.548338,146.8445,128.342093,204.994922,153.893036,98.679504,0.293689,winter_20240225-4_T5
20240225-4,winter,T6,71.366427,144.494988,131.866361,90.749901,189.135716,145.376055,126.873648,204.994922,154.186725,99.560571,0.293689,winter_20240225-4_T6
20240225-4,winter,T7,71.953805,145.082366,132.16005,91.630968,188.254649,147.138189,126.579959,206.169678,154.774103,99.266882,0.293689,winter_20240225-4_T7
20240225-4,winter,T8,70.191671,145.376055,129.516849,90.456212,189.135716,147.138189,127.461026,204.407544,155.067792,99.560571,0.293689,winter_20240225-4_T8
20240225-4,winter,T9,70.48536,145.376055,132.16005,90.749901,189.135716,147.725567,128.635782,204.994922,154.186725,99.560571,0.293689,winter_20240225-4_T9
20240225-4,winter,T10,70.191671,146.8445,131.278983,91.337279,190.016783,145.963433,127.754715,206.757056,154.774103,99.560571,0.293689,winter_20240225-4_T10
20240228-1,winter,T1,85.16981,145.376055,145.082366,91.337279,203.232788,148.019256,141.558098,206.169678,170.045931,99.560571,0.293689,winter_20240228-1_T1
20240228-1,winter,T2,85.463499,146.257122,145.376055,91.337279,202.64541,146.257122,142.732854,206.169678,170.633309,99.560571,0.293689,winter_20240228-1_T2
20240228-1,winter,T3,84.288743,147.138189,145.963433,92.218346,202.351721,147.138189,140.97072,206.757056,170.633309,99.560571,0.293689,winter_20240228-1_T3
20240228-1,winter,T4,84.288743,145.082366,144.494988,89.868834,202.64541,147.138189,140.97072,204.994922,170.045931,100.441638,0.293689,winter_20240228-1_T4
20240228-1,winter,T5,85.16981,145.082366,144.494988,91.630968,204.113855,146.257122,142.732854,206.757056,170.633309,99.560571,0.293689,winter_20240228-1_T5
20240228-1,winter,T6,86.050877,145.082366,145.082366,90.456212,203.232788,146.8445,141.558098,205.875989,170.633309,99.560571,0.293689,winter_20240228-1_T6
20240228-1,winter,T7,85.16981,145.082366,145.963433,90.456212,203.526477,149.487701,142.439165,205.288611,170.926998,99.560571,0.293689,winter_20240228-1_T7
20240228-1,winter,T8,83.701365,144.494988,146.257122,91.630968,202.351721,148.606694,140.677031,205.875989,170.633309,99.560571,0.293689,winter_20240228-1_T8
20240228-1,winter,T9,84.288743,145.963433,145.082366,90.749901,203.232788,146.257122,140.677031,205.288611,170.926998,99.560571,0.293689,winter_20240228-1_T9
20240228-1,winter,T10,82.526609,145.082366,144.201299,90.749901,202.351721,145.963433,140.677031,205.288611,170.633309,99.560571,0.293689,winter_20240228-1_T10
20240228-2,winter,T1,95.155236,144.201299,156.829926,91.337279,214.099281,147.138189,152.130902,205.875989,182.08718,99.560571,0.293689,winter_20240228-2_T1
20240228-2,winter,T2,95.155236,145.963433,154.774103,91.337279,212.924525,145.376055,151.543524,204.407544,180.91304,101.61674,0.293689,winter_20240228-2_T2
20240228-2,winter,T3,94.274169,145.082366,154.186725,89.868834,212.924525,145.376055,151.249835,204.407544,177.094467,97.504748,0.293689,winter_20240228-2_T3
20240228-2,winter,T4,96.623681,144.201299,155.948859,90.456212,214.099281,148.606634,152.424591,204.994922,179.737668,98.679504,0.293689,winter_20240228-2_T4
20240228-2,winter,T5,81.645542,145.376055,142.439165,91.630968,200.002209,1473725567,137.446452,205.288611,167.990108,98.679504,0.293689,winter_20240228-2_T5
20240228-2,winter,T6,81.939231,145.082366,141.558098,91.337279,200.883276,147.725567,138.03383,205.288611,165.640596,102.79115,0.293689,winter_20240228-2_T6
20240228-2,winter,T7,81.939231,145.376055,141.558098,89.868834,200.589587,146.257122,136.565385,204.407544,164.46584,98.385815,0.293689,winter_20240228-2_T7
20240228-2,winter,T8,81.645542,145.376055,140.677031,91.630968,199.70852,146.8445,137.152763,206.169678,164.46584,101.322705,0.293689,winter_20240228-2_T8
20240228-2,winter,T9,81.645542,145.082366,143.320232,91.630968,201.470654,147.725567,138.03383,205.875989,167.40273,101.910083,0.293689,winter_20240228-2_T9
20240228-2,winter,T10,80.764475,145.376055,142.439165,89.868834,198.827453,145.376055,138.914897,205.288611,162.997395,96.91737,0.293689,winter_20240228-2_T10
20240228-3,winter,T1,82.526609,145.082366,144.494988,89.868834,200.883276,147.725567,138.914897,205.875989,167.990108,99.266882,0.293689,winter_20240228-3_T1
20240228-3,winter,T2,83.407676,145.376055,143.613921,91.337279,201.764343,146.8445,140.97072,206.169678,167.109041,98.679504,0.293689,winter_20240228-3_T2
20240228-3,winter,T3,82.526609,145.376055,144.201299,92.218346,201.470654,147.138189,138.327519,206.169678,167.40273,99.266882,0.293689,winter_20240228-3_T3
20240228-3,winter,T4,84.288743,147.138189,143.613921,91.337279,201.764343,147.138189,140.97072,206.169678,165.640596,100.441638,0.293689,winter_20240228-3_T4
20240228-3,winter,T5,83.407676,143.613921,143.613921,91.337279,201.764343,149.487701,139.795964,206.757056,167.109041,100.147949,0.293689,winter_20240228-3_T5
20240228-3,winter,T6,81.939231,145.376055,141.851787,90.456212,201.764343,146.257122,140.089653,206.169678,165.640596,99.266882,0.293689,winter_20240228-3_T6
20240228-3,winter,T7,83.701365,145.963433,142.732854,90.456212,199.70852,147.138189,139.208586,205.288611,165.346907,99.560571,0.293689,winter_20240228-3_T7
20240228-3,winter,T8,82.820298,145.082366,141.851787,90.749901,201.470654,149.78139,138.914897,205.875989,166.227974,100.147949,0.293689,winter_20240228-3_T8
20240228-3,winter,T9,82.820298,145.082366,143.613921,92.218346,201.470654,146.8445,138.914897,205.288611,165.640596,97.504748,0.293689,winter_20240228-3_T9
20240228-3,winter,T10,82.526609,143.613921,145.082366,90.456212,200.589587,146.8445,138.914897,204.994922,165.640596,99.560571,0.293689,winter_20240228-3_T10
20240303-1,winter,T1,78.121274,143.320232,140.97072,90.749901,196.477941,145.376055,136.271696,204.994922,163.878462,101.029016,0.293689,winter_20240303-1_T1
20240303-1,winter,T3,77.240207,145.376055,140.089653,91.337279,196.184252,148.019256,135.390629,205.875989,165.346907,100.441638,0.293689,winter_20240303-1_T3
20240303-1,winter,T4,80.177097,144.494988,140.089653,91.337279,197.359008,149.78139,135.684218,205.288611,166.227974,101.029016,0.293689,winter_20240303-1_T4
20240303-1,winter,T5,78.121274,144.494988,138.327519,90.456212,196.184252,146.8445,133.922184,204.994922,165.346907,100.441638,0.293689,winter_20240303-1_T5
20240303-1,winter,T6,78.414963,145.082366,140.677031,91.630968,197.359008,147.138189,134.803251,205.288611,165.346907,101.029016,0.293689,winter_20240303-1_T6
20240303-1,winter,T7,79.002341,146.257122,140.089653,91.337279,197.946386,146.8445,136.271696,206.169678,165.640596,100.441638,0.293689,winter_20240303-1_T7
20240303-1,winter,T8,78.12174,144.201299,139.208586,92.218346,195.303185,148.606634,133.922184,206.757056,162.703706,101.322705,0.293689,winter_20240303-1_T8
20240303-1,winter,T9,78.121274,145.963433,138.914897,90.456212,196.477941,146.8445,132.747428,205.288611,164.759529,101.029016,0.293689,winter_20240303-1_T9
20240303-1,winter,T10,78.121274,145.963433,138.327519,90.749901,196.184252,148.019256,135.390629,205.288611,164.759529,101.029016,0.293689,winter_20240303-1_T10
20240303-2,winter,T1,89.868834,147.138189,150.368768,90.749901,208.51919,144.494988,148.019256,205.875989,177.681845,101.322705,0.293689,winter_20240303-2_T1
20240303-2,winter,T2,90.749901,146.257122,149.487701,91.337279,209.400257,146.8445,147.138189,206.169678,176.800778,101.029016,0.293689,winter_20240303-2_T2
20240303-2,winter,T3,89.868834,147.138189,153.011369,91.337279,208.51919,147.725567,148.019256,206.757056,177.681845,101.029016,0.293689,winter_20240303-2_T3
20240303-2,winter,T4,90.456212,145.376055,150.662457,90.749901,208.51919,149.487701,153.893036,206.169678,177.681845,101.322705,0.293689,winter_20240303-2_T4
20240303-2,winter,T5,91.337279,145.082366,150.662457,91.630968,208.51919,147.725567,148.019256,206.169678,177.681845,101.322705,0.293689,winter_20240303-2_T5
20240303-2,winter,T6,90.456212,144.494988,149.487701,90.456212,208.812879,145.963433,147.725567,204.113855,174.74057,100.07052,0.293689,winter_20240303-2_T6
20240303-2,winter,T8,90.456212,147.138189,151.249835,91.337279,209.693946,148.900323,148.900323,206.169678,177.681845,101.029016,0.293689,winter_20240303-2_T8
20240303-2,winter,T9,89.868834,146.257122,149.78139,91.337279,208.812879,146.257122,147.138189,206.169678,177.681845,101.322705,0.293689,winter_20240303-2_T9
20240303-2,winter,T10,89.868834,145.082366,150.662457,90.456212,208.812879,147.138189,148.606634,206.169678,177.975534,101.029016,0.293689,winter_20240303-2_T10
20240303-3,winter,T1,89.868834,145.963433,151.543524,91.630968,207.931812,146.8445,148.606634,205.875989,177.975534,101.029016,0.293689,winter_20240303-3_T1
20240303-3,winter,T2,90.749901,145.963433,149.78139,89.868834,208.812879,146.257122,149.487701,204.407544,177.975534,102.203772,0.293689,winter_20240303-3_T2
20240303-3,winter,T3,90.456212,146.257122,152.130902,91.630968,209.400257,147.725567,150.368768,206.169678,177.975534,101.322705,0.293689,winter_20240303-3_T3
20240303-3,winter,T4,91.337279,147.138189,150.662457,90.749901,208.51919,149.487701,148.900323,206.757056,177.975534,102.203772,0.293689,winter_20240303-3_T4
20240303-3,winter,T5,91.337279,147.138189,152.130902,93.099413,209.693946,149.487701,148.606634,207.931812,177.38876,102.20412,0.293689,winter_20240303-3_T5
20240303-3,winter,T6,91.337279,145.376055,152.130902,91.630698,208.812879,147.138189,149.487701,205.288611,178.562912,101.910083,0.293689,winter_20240303-3_T6
20240303-3,winter,T7,89.868834,146.8445,148.900323,92.512035,208.51919,147.725567,149.487701,205.875989,177.681845,101.910083,0.293689,winter_20240303-3_T7
20240303-3,winter,T8,90.456212,145.963433,149.78139,90.749901,208.812879,147.725567,147.725567,206.757056,177.975534,101.322705,0.293689,winter_20240303-3_T8
20240303-3,winter,T9,90.749901,145.376055,149.78139,90.749901,209.400257,147.138189,146.8445,205.875989,177.975534,101.322705,0.293689,winter_20240303-3_T9
20240303-3,winter,T10,89.575145,145.963433,151.249835,91.337279,208.51919,146.8445,149.487701,206.757056,178.562912,100.441638,0.293689,winter_20240303-3_T10
20240520-1,spring,T1,77.519728,139.64951,140.504507,88.34969,193.79932,144.209494,137.084519,198.644303,160.739436,98.324655,0.284999,spring_20240520-1_T1
20240520-1,spring,T2,79.514721,143.069498,137.084519,88.064691,193.79932,140.789506,136.79952,200.35297,164.159424,98.039656,0.284999,spring_20240520-1_T2
20240520-1,spring,T3,78.944723,141.929502,137.939516,89.489686,192.944323,142.784499,136.229522,198.929302,163.019428,98.039656,0.284999,spring_20240520-1_T3
20240520-1,spring,T4,76.379732,142.4995,133.379532,88.34969,191.519328,143.924495,132.809534,198.359304,159.029442,98.324655,0.284999,spring_20240520-1_T4
20240520-1,spring,T6,75.809734,141.929502,133.094533,90.344683,190.094333,142.214501,133.094533,200.924295,159.884439,98.324655,0.284999,spring_20240520-1_T6
20240520-1,spring,T7,76.664731,141.074505,135.374525,88.34969,191.519328,142.4995,131.954537,198.929302,160.169438,98.609654,0.284999,spring_20240520-1_T7
20240520-1,spring,T9,76.094733,142.214501,134.519528,88.634689,190.94933,142.4995,133.094533,199.784299,160.739436,98.324655,0.284999,spring_20240520-1_T9
20240520-1,spring,T10,76.94973,141.644503,135.374525,89.774685,191.234329,143.639496,131.09954,200.639296,159.884439,97.184659,0.284999,spring_20240520-1_T10
20240520-2,spring,T1,64.979772,141.929502,124.544563,90.629682,180.404367,143.354497,121.409574,200.639296,149.339476,98.609654,0.284999,spring_20240520-2_T1
20240520-2,spring,T2,66.119768,142.214501,123.689566,88.634689,103.739636,141.929502,123.689566,198.644303,149.909474,98.039656,0.284999,spring_20240520-2_T2
20240520-2,spring,T3,64.694773,140.219508,123.689566,89.774685,179.264371,142.4995,122.834569,199.4993,149.054477,97.469658,0.284999,spring_20240520-2_T3
20240520-2,spring,T4,66.974765,143.354497,125.114561,88.634689,180.689366,142.784499,121.409574,199.4993,149.054477,97.184659,0.284999,spring_20240520-2_T4
20240520-2,spring,T5,65.54977,141.929502,124.829562,88.064691,180.404367,142.784499,123.404567,199.214301,150.479472,97.469658,0.284999,spring_20240520-2_T5
20240520-2,spring,T6,65.834769,141.074505,121.694573,90.059684,180.974365,140.789506,123.119568,199.4993,150.194473,97.469658,0.284999,spring_20240520-2_T6
20240520-2,spring,T7,88.064691,141.074505,147.059484,88.064691,202.064291,142.784499,143.639496,198.074305,171.284399,98.324655,0.284999,spring_20240520-2_T7
20240520-2,spring,T8,85.784699,143.354497,145.919488,89.489686,201.209294,143.924495,144.494493,200.354297,170.714401,97.184659,0.284999,spring_20240520-2_T8
20240520-2,spring,T9,88.634689,143.354497,89.489686,88.34969,202.064291,141.644503,147.059484,198.359304,172.139396,97.184659,0.284999,spring_20240520-2_T9
20240520-2,spring,T10,88.634689,143.639496,146.204487,89.774685,202.919288,143.354497,144.494493,200.069298,171.569398,97.469658,0.284999,spring_20240520-2_T10
20240520-3,spring,T1,83.789706,141.359504,142.4995,89.774685,197.789306,143.354497,140.219508,199.784299,167,99,0.284999,spring_20240520-3_T1
20240520-3,spring,T3,84.359704,142.4995,140.789506,88.919688,198.929302,143.354497,141.359504,200.354297,168.719408,98.894653,0.284999,spring_20240520-3_T3
20240520-3,spring,T4,85.4997,143.639496,142.4995,88.34969,199.784299,143.639496,143.069498,198.359304,167.864411,97.469658,0.284999,spring_20240520-3_T4
20240520-3,spring,T8,94.904667,142.214501,153.89946,89.774685,208.619268,143.639496,155.609454,199.4993,177.554377,97.754657,0.284999,spring_20240520-3_T8
20240520-3,spring,T9,94.904667,138.794513,154.754457,88.064691,209.474265,145.064491,151.619468,199.784299,178.694373,96.89966,0.284999,spring_20240520-3_T9
20240520-3,spring,T10,96.329662,142.214501,154.469458,89.204687,210.89926,142.214501,152.474465,199.784299,178.979372,97.469658,0.284999,spring_20240520-3_T10
20240520-4,spring,T1,85.784699,139.934509,144.209494,87.779692,199.784299,142.784499,143.639496,198.074305,168.14941,97.184659,0.284999,spring_20240520-4_T1
20240520-4,spring,T2,87.209694,142.4995,144.494493,88.34969,201.209294,145.064491,144.209494,199.784299,169.004407,97.754657,0.284999,spring_20240520-4_T2
20240520-4,spring,T3,84.644703,140.504507,144.779492,88.34969,198.929302,145.064491,142.214501,198.644303,169.574405,98.324655,0.284999,spring_20240520-4_T3
20240520-4,spring,T4,86.354697,141.074505,144.779492,88.634689,200.639296,144.209494,143.354497,198.359304,166.43605,98.81202,0.284999,spring_20240520-4_T4
20240520-4,spring,T5,86.354697,142.4995,144.209494,88.919688,201.209294,144.779492,144.494493,200.069298,169.289406,98.324655,0.284999,spring_20240520-4_T5
20240520-4,spring,T7,85.784699,142.214501,144.494493,87.779692,200.924295,143.924495,142.4995,198.644303,168.719408,98.324655,0.284999,spring_20240520-4_T7
20240520-4,spring,T8,85.214701,141.074505,143.354497,89.204687,199.4993,144.209494,143.639496,199.4993,169.859404,97.184659,0.284999,spring_20240520-4_T8
20240520-4,spring,T10,86.639696,142.4995,143.639496,89.774685,201.494293,143.924495,141.359504,200.924295,169.574405,98.039656,0.284999,spring_20240520-4_T10
20240524-1,spring,T1,70.964751,141.074505,129.104547,88.634689,185.819348,141.644503,129.959544,199.784299,155.894453,97.754657,0.284999,spring_20240524-1_T1
20240524-1,spring,T2,72.389746,142.4995,129.959544,89.774685,187.529342,143.924495,127.679552,200.069298,155.039456,97.469658,0.284999,spring_20240524-1_T2
20240524-1,spring,T3,71.534749,141.929502,129.959544,88.34969,185.24935,142.4995,127.679552,199.4993,156.179452,96.614661,0.284999,spring_20240524-1_T3
20240524-1,spring,T5,72.389746,142.214501,130.814541,87.494693,186.389346,142.214501,127.964551,198.074305,154.469458,95.474665,0.284999,spring_20240524-1_T5
20240524-1,spring,T6,70.964751,141.929502,131.09954,89.774685,185.819348,142.784499,125.114561,200.354297,153.89946,96.89966,0.284999,spring_20240524-1_T6
20240524-1,spring,T7,71.534749,142.784499,130.814541,87.779692,186.674345,143.639496,125.969558,198.074305,155.039456,97.469658,0.284999,spring_20240524-1_T7
20240524-1,spring,T8,71.24975,141.074505,128.819548,88.064691,185.534349,143.354497,125.969558,198.929302,154.754457,98.894653,0.284999,spring_20240524-1_T8
20240524-1,spring,T9,72.389746,143.924495,131.09954,89.204687,186.674345,142.784499,126.254557,198.644303,155.039456,97.184659,0.284999,spring_20240524-1_T9
20240524-2,spring,T1,92.054677,143.354497,151.904467,88.064691,207.194273,142.4995,149.909474,198.929302,172.86452,94.72153,0.284999,spring_20240524-2_T1
20240524-2,spring,T2,93.764671,142.214501,152.759464,88.919688,208.334269,143.639496,149.054477,199.4993,176.129382,97.469658,0.284999,spring_20240524-2_T2
20240524-2,spring,T3,92.339676,142.214501,151.904467,89.204687,206.909274,142.4995,148.769478,199.214301,176.414381,97.754657,0.284999,spring_20240524-2_T3
20240524-2,spring,T4,93.194673,144.494493,151.619468,88.34969,207.194273,143.354497,148.19948,199.214301,176.984379,97.469658,0.284999,spring_20240524-2_T4
20240524-2,spring,T5,93.194673,143.924495,151.04947,88.34969,208.334269,142.214501,149.054477,198.644303,176.129382,96.614661,0.284999,spring_20240524-2_T5
20240524-2,spring,T6,92.624675,142.214501,150.764471,89.204687,207.764271,143.639496,147.914481,200.069298,177.269378,96.89966,0.284999,spring_20240524-2_T6
20240524-2,spring,T7,94.619668,142.4995,153.329462,88.34969,208.904267,142.784499,150.479472,199.214301,176.69938,96.89966,0.284999,spring_20240524-2_T7
20240524-2,spring,T8,93.194673,139.64951,151.904467,87.779692,206.624275,143.354497,149.909474,198.359304,177.269378,97.469658,0.284999,spring_20240524-2_T8
20240524-2,spring,T9,92.054677,141.359504,151.04947,88.634689,206.624275,144.779492,148.484479,198.359304,176.69938,95.759664,0.284999,spring_20240524-2_T9
20240524-2,spring,T10,91.769678,142.784499,151.619468,90.344683,207.479272,142.214501,147.914481,200.639296,176.414381,97.184659,0.284999,spring_20240524-2_T10
20240524-3,spring,T1,72.389746,140.219508,130.244543,87.779692,186.674345,142.784499,127.964551,198.359304,150.8341,97.319275,0.284999,spring_20240524-3_T1
20240524-3,spring,T3,72.674745,143.924495,129.104547,89.204687,187.529342,140.789506,127.964551,200.069298,155.039456,97.184659,0.284999,spring_20240524-3_T3
20240524-3,spring,T4,72.674745,142.4995,130.244543,88.064691,186.959344,142.4995,127.109554,198.929302,155.894453,96.614661,0.284999,spring_20240524-3_T4
20240524-3,spring,T5,73.529742,142.214501,129.674545,88.634689,186.674345,143.924495,127.679552,200.069298,154.754457,96.89966,0.284999,spring_20240524-3_T5
20240524-3,spring,T7,71.24975,141.074505,129.389546,88.34969,186.104347,143.354497,127.109554,198.929302,155.039456,97.184659,0.284999,spring_20240524-3_T7
20240524-3,spring,T8,71.24975,140.504507,129.389546,88.064691,185.534349,143.354497,126.539556,198.644303,155.039456,96.614661,0.284999,spring_20240524-3_T8
20240524-3,spring,T9,72.389746,141.929502,129.674545,88.064691,186.674345,141.359504,126.539556,198.359304,156.179452,97.184659,0.284999,spring_20240524-3_T9
20240524-3,spring,T10,72.104747,142.4995,130.244543,89.774685,186.104347,142.4995,126.539556,200.354297,155.324455,96.614661,0.284999,spring_20240524-3_T10
20240526-1,spring,T1,71.24975,140.219508,129.959544,88.919688,185.819348,142.784499,127.109554,199.214301,152.759464,99.74965,0.284999,spring_20240526-1_T1
20240526-1,spring,T2,72.104747,142.784499,128.819548,88.34969,187.529342,142.214501,128.819548,200.069298,151.904467,97.184659,0.284999,spring_20240526-1_T2
20240526-1,spring,T3,71.24975,140.504507,129.959544,88.919688,185.819348,142.4995,128.24955,199.4993,151.334469,95.189666,0.284999,spring_20240526-1_T3
20240526-1,spring,T4,70.964751,141.074505,130.244543,88.634689,185.534349,143.354497,127.964551,199.4993,151.334469,96.329662,0.284999,spring_20240526-1_T4
20240526-1,spring,T5,71.534749,141.929502,128.819548,88.634689,185.819348,142.4995,127.964551,198.644303,151.04947,96.329662,0.284999,spring_20240526-1_T5
20240526-1,spring,T6,71.24975,141.644503,128.534549,89.774685,186.104347,142.784499,125.684559,200.069298,150.479472,96.329662,0.284999,spring_20240526-1_T6
20240526-1,spring,T8,71.534749,141.644503,131.09954,88.919688,185.534349,142.214501,127.964551,200.354297,151.04947,95.759664,0.284999,spring_20240526-1_T8
20240526-1,spring,T9,71.24975,144.494493,129.104547,88.634689,186.674345,142.4995,129.104547,199.4993,150.764471,96.329662,0.284999,spring_20240526-1_T9
20240526-1,spring,T10,71.819748,142.214501,129.104547,88.919688,186.104347,141.644503,127.679552,199.214301,150.479472,96.614661,0.284999,spring_20240526-1_T10
20240526-2,spring,T1,98.324655,142.784499,156.74945,88.064691,212.894253,141.644503,155.039456,199.4993,181.544363,96.89966,0.284999,spring_20240526-2_T1
20240526-2,spring,T2,97.469658,141.074505,156.464451,88.34969,212.894253,142.214501,153.614461,200.069298,181.829362,96.614661,0.284999,spring_20240526-2_T2
20240526-2,spring,T3,98.039656,142.4995,156.179452,88.634689,212.609254,142.214501,153.89946,200.069298,182.114361,96.614661,0.284999,spring_20240526-2_T3
20240526-2,spring,T4,97.754657,142.214501,154.754457,88.064691,212.039256,142.4995,152.759464,198.929302,181.544363,97.184659,0.284999,spring_20240526-2_T4
20240526-2,spring,T5,97.754657,141.644503,156.179452,87.779692,212.609254,141.644503,153.329462,198.929302,181.259364,97.184659,0.284999,spring_20240526-2_T5
20240526-2,spring,T6,96.89966,142.784499,156.179452,89.204687,212.039256,142.4995,151.334469,199.4993,181.544363,97.469658,0.284999,spring_20240526-2_T6
20240526-2,spring,T8,96.614661,143.354497,155.894453,88.34969,211.184259,142.4995,152.759464,199.4993,182.114361,97.754657,0.284999,spring_20240526-2_T8
20240526-2,spring,T9,97.754657,141.929502,155.324455,88.34969,212.609254,141.359504,153.89946,198.644303,181.829362,96.89966,0.284999,spring_20240526-2_T9
20240526-3,spring,T2,72.959744,141.929502,130.814541,89.774685,186.959344,142.4995,128.24955,200.069298,155.894453,96.614661,0.284999,spring_20240526-3_T2
20240526-3,spring,T4,71.819748,141.644503,130.244543,88.064691,186.959344,141.929502,127.964551,198.644303,155.039456,96.89966,0.284999,spring_20240526-3_T4
20240526-3,spring,T5,72.389746,142.4995,129.104547,88.34969,186.959344,142.4995,127.109554,198.359304,155.894453,97.184659,0.284999,spring_20240526-3_T5
20240526-3,spring,T6,71.24975,142.214501,129.674545,89.774685,185.534349,142.214501,125.39956,200.924295,155.324455,97.184659,0.284999,spring_20240526-3_T6
20240526-3,spring,T7,72.389746,141.644503,130.244543,88.34969,187.529342,142.214501,126.824555,198.359304,155.039456,96.89966,0.284999,spring_20240526-3_T7
20240526-3,spring,T8,71.24975,139.64951,129.389546,87.779692,185.24935,141.929502,126.539556,198.074305,154.754457,96.329662,0.284999,spring_20240526-3_T8
20240526-3,spring,T9,73.529742,142.784499,132.239536,88.919688,186.959344,144.209494,126.824555,199.214301,154.754457,96.614661,0.284999,spring_20240526-3_T9
20240526-3,spring,T10,72.104747,141.359504,130.244543,90.059684,186.389346,142.4995,128.24955,199.4993,155.324455,97.184659,0.284999,spring_20240526-3_T10
20240604-2,spring,T2,79.79972,142.214501,135.374525,88.34969,195.224315,142.4995,133.094533,200.069298,163.019428,95.759664,0.284999,spring_20240604-2_T2
20240604-2,spring,T3,77.519728,140.789506,137.369518,86.069698,193.514321,141.359504,134.519528,197.504307,163.589426,95.474665,0.284999,spring_20240604-2_T3
20240604-2,spring,T4,78.944723,139.934509,137.369518,86.069698,195.224315,141.644503,134.519528,198.644303,163.874425,95.474665,0.284999,spring_20240604-2_T4
20240604-2,spring,T5,79.229722,141.929502,136.79952,87.779692,195.509314,141.929502,133.094533,200.069298,163.019428,95.474665,0.284999,spring_20240604-2_T5
20240604-2,spring,T6,77.519728,141.929502,135.374525,87.779692,193.79932,141.644503,133.379532,201.779292,163.019428,96.044663,0.284999,spring_20240604-2_T6
20240604-2,spring,T7,78.659724,140.789506,138.794513,86.069698,195.224315,141.929502,134.804527,197.504307,163.304427,95.189666,0.284999,spring_20240604-2_T7
20240604-2,spring,T8,78.374725,140.789506,138.224515,87.494693,194.654317,140.789506,134.519528,198.644303,163.589426,95.759664,0.284999,spring_20240604-2_T8
20240604-2,spring,T9,78.944723,142.214501,138.224515,87.494693,195.224315,142.4995,135.659524,199.784299,162.734429,95.474665,0.284999,spring_20240604-2_T9
20240604-2,spring,T10,78.944723,140.789506,136.79952,89.204687,195.224315,142.214501,134.234529,201.209294,163.019428,96.044663,0.284999,spring_20240604-2_T10
