season,id,trial,time,frame,x,y,ANGLE,speed,acceleration
spring,20240520-3,T4.npz,2.033333,0,142.40633,88.70046,0.19203584,0,363.7184
spring,20240520-3,T4.npz,2.066666,1,142.36426,88.7941,0.5797188,3.0797455,92.393295
spring,20240520-3,T4.npz,2.1,2,142.36426,88.7941,0.5797188,0,92.39052
spring,20240520-3,T4.npz,2.133333,3,142.39708,88.892975,0.88700944,3.1254876,93.76557
spring,20240520-3,T4.npz,2.166666,4,142.23146,89.12327,0.381921,8.50991,214.22221
spring,20240520-3,T4.npz,2.2,5,142.23146,89.12327,0.381921,0,255.29219
spring,20240520-3,T4.npz,2.233333,6,142.23146,89.12327,0.381921,0,0
spring,20240520-3,T4.npz,2.266666,7,142.23146,89.12327,0.381921,0,0
spring,20240520-3,T4.npz,2.3,8,142.23146,89.12327,0.381921,0,0
spring,20240520-3,T4.npz,2.333333,9,141.85826,89.31289,2.4424212,12.558683,376.76425
spring,20240520-3,T4.npz,2.366666,10,141.88112,89.296104,2.4440093,0.85076946,401.9693
spring,20240520-3,T4.npz,2.4,11,142.15837,89.53935,-2.4002256,11.064991,327.39313
spring,20240520-3,T4.npz,2.433333,12,142.15837,89.53935,-2.4002256,0,331.95306
spring,20240520-3,T4.npz,2.466666,13,142.57324,89.55944,-2.4503608,12.460805,373.82788
spring,20240520-3,T4.npz,2.5,14,142.57324,89.55944,-2.4503608,0,373.81668
spring,20240520-3,T4.npz,2.533333,15,142.56328,89.56543,-2.7226055,0.348547,10.456515
spring,20240520-3,T4.npz,2.566666,16,142.69359,89.8219,-2.4201486,8.630227,258.37817
spring,20240520-3,T4.npz,2.6,17,142.70233,89.81666,-2.1035953,0.3060266,259.70462
spring,20240520-3,T4.npz,2.633333,18,142.69653,89.82747,-2.1288998,0.36795378,19.49621
spring,20240520-3,T4.npz,2.666666,19,142.59334,89.90155,1.1644038,3.8110936,104.5377
spring,20240520-3,T4.npz,2.7,20,142.54192,89.890045,0.7169008,1.5809615,90.025826
spring,20240520-3,T4.npz,2.733333,21,141.7734,90.151344,-0.92301726,24.351732,690.5138
spring,20240520-3,T4.npz,2.766666,22,141.7642,90.14519,-0.95572746,0.3319534,724.55286
spring,20240520-3,T4.npz,2.8,23,141.02281,90.23119,-0.8565706,22.390959,664.1666
spring,20240520-3,T4.npz,2.833333,24,141.02281,90.23119,-0.8565706,0,671.73553
spring,20240520-3,T4.npz,2.866666,25,141.01326,90.215935,-0.8580388,0.53980523,16.19432
spring,20240520-3,T4.npz,2.9,26,141.01326,90.215935,-0.8580388,0,16.193834
spring,20240520-3,T4.npz,2.933333,27,141.01326,90.215935,-0.8580388,0,0
spring,20240520-3,T4.npz,2.966666,28,140.00136,90.49507,-0.6335253,31.491396,944.7514
spring,20240520-3,T4.npz,3,29,139.98575,90.50581,-0.6471061,0.5684955,928.6249
spring,20240520-3,T4.npz,3.033333,30,139.99806,90.49794,-0.6471061,0.43862846,30.20987
spring,20240520-3,T4.npz,3.066666,31,139.75987,90.49247,-0.59691566,7.1476316,225.46927
spring,20240520-3,T4.npz,3.1,32,139.75987,90.49247,-0.59691566,0,214.42467
spring,20240520-3,T4.npz,3.133333,33,139.73216,90.909935,-0.9076376,12.551777,376.55707
spring,20240520-3,T4.npz,3.166666,34,139.74295,90.92318,-0.9076221,0.5122848,365.45343
spring,20240520-3,T4.npz,3.2,35,140.34567,91.0944,-1.2435763,18.797102,551.3853
spring,20240520-3,T4.npz,3.233333,36,140.34567,91.0944,-1.2435763,0,563.9187
spring,20240520-3,T4.npz,3.266666,37,140.43304,91.370514,1.7063006,8.688166,260.64758
spring,20240520-3,T4.npz,3.3,38,140.42845,91.364044,1.7320224,0.23804067,267.44775
spring,20240520-3,T4.npz,3.333333,39,140.4287,91.35133,1.7154286,0.38127944,7.0976477
spring,20240520-3,T4.npz,3.366666,40,141.02956,91.23745,-2.1677432,18.347322,548.20215
spring,20240520-3,T4.npz,3.4,41,141.02956,91.23745,-2.1677432,0,550.4087
spring,20240520-3,T4.npz,3.433333,42,141.03664,91.234856,-2.1653163,0.2259352,6.7781243
spring,20240520-3,T4.npz,3.466666,43,142.4546,91.83118,-2.6086721,46.14832,1379.5092
spring,20240520-3,T4.npz,3.5,44,142.4546,91.83118,-2.6086721,0,1384.422
spring,20240520-3,T4.npz,3.533333,45,144.01527,92.26896,-3.0014684,48.627697,1458.8456
spring,20240520-3,T4.npz,3.566666,46,144.01527,92.26896,-3.0014684,0,1458.8456
spring,20240520-3,T4.npz,3.6,47,144.01527,92.26896,-3.0014684,0,0
spring,20240520-3,T4.npz,3.633333,48,144.01527,92.26896,-3.0014684,0,0
spring,20240520-3,T4.npz,3.666666,49,144.01527,92.26896,-3.0014684,0,0
spring,20240520-3,T4.npz,3.7,50,144.4635,92.69468,0.3015937,18.54485,556.33435
spring,20240520-3,T4.npz,3.733333,51,144.4635,92.69468,0.3015937,0,556.351
spring,20240520-3,T4.npz,3.766666,52,144.28218,93.59635,0.93339044,27.592056,827.76996
spring,20240520-3,T4.npz,3.8,53,144.27145,93.592155,0.90748125,0.34575927,829.61035
spring,20240520-3,T4.npz,3.833333,54,144.34608,94.722305,1.1505398,33.978683,1023.8228
spring,20240520-3,T4.npz,3.866666,55,144.33934,94.71784,1.1535178,0.2425069,1023.79395
spring,20240520-3,T4.npz,3.9,56,144.33934,94.71784,1.1535178,0,7.2750616
spring,20240520-3,T4.npz,3.933333,57,144.75656,96.672806,-1.9240407,59.970406,1799.1302
spring,20240520-3,T4.npz,3.966666,58,144.75745,96.66285,-1.9181013,0.29994452,1807.7311
spring,20240520-3,T4.npz,4,59,145.17342,98.97574,1.2390187,70.49839,2123.591
spring,20240520-3,T4.npz,4.033333,60,145.16139,98.97038,1.2355331,0.39469457,2121.6487
spring,20240520-3,T4.npz,4.066666,61,146.08984,101.522705,1.1631235,81.4791,2452.6345
spring,20240520-3,T4.npz,4.1,62,146.08984,101.522705,1.1631235,0,2444.3245
spring,20240520-3,T4.npz,4.133333,63,146.0967,101.528244,1.1633391,0.2643891,7.9317527
spring,20240520-3,T4.npz,4.166666,64,147.13231,103.7968,1.0224327,74.81348,2237.332
spring,20240520-3,T4.npz,4.2,65,147.14546,103.781456,1.0143665,0.60620016,2252.066
spring,20240520-3,T4.npz,4.233333,66,147.14546,103.781456,1.0143665,0,18.186186
spring,20240520-3,T4.npz,4.266666,67,147.14374,103.78767,1.0147564,0.19333266,5.8000374
spring,20240520-3,T4.npz,4.3,68,147.14374,103.78767,1.0147564,0,5.799864
spring,20240520-3,T4.npz,4.333333,69,150.57649,110.060005,0.8609635,214.50949,6435.349
spring,20240520-3,T4.npz,4.366666,70,150.56845,110.05109,0.85077786,0.36007935,6445.861
spring,20240520-3,T4.npz,4.4,71,152.7329,113.17341,-2.1382244,113.972664,3429.8264
spring,20240520-3,T4.npz,4.433333,72,152.7329,113.17341,-2.1382244,0,3419.214
spring,20240520-3,T4.npz,4.466666,73,155.3456,116.46838,-2.2828717,126.15517,3784.6929
spring,20240520-3,T4.npz,4.5,74,155.36508,116.48048,-2.2849636,0.68784255,3765.1672
spring,20240520-3,T4.npz,4.533333,75,155.37956,116.4841,-2.2793043,0.4481147,8.842559
spring,20240520-3,T4.npz,4.566666,76,158.50539,120.02479,-2.3690176,141.6929,4239.759
spring,20240520-3,T4.npz,4.6,77,158.50099,120.023964,-2.3725588,0.13428393,4253.876
spring,20240520-3,T4.npz,4.633333,78,161.82442,122.68509,-2.506748,127.72789,3835.427
spring,20240520-3,T4.npz,4.666666,79,161.82948,122.68307,-2.5105553,0.16357708,3829.461
spring,20240520-3,T4.npz,4.7,80,161.81557,122.68143,-2.4961474,0.42034265,17.083199
spring,20240520-3,T4.npz,4.733333,81,165.36093,124.89367,-2.8424616,125.369865,3772.542
spring,20240520-3,T4.npz,4.766666,82,165.36285,124.9043,-2.834735,0.3239789,3754.616
spring,20240520-3,T4.npz,4.8,83,169.42114,126.27113,-2.9808137,128.46613,3849.2314
spring,20240520-3,T4.npz,4.833333,84,169.40588,126.25952,-2.9943748,0.5751497,3870.3738
spring,20240520-3,T4.npz,4.866666,85,169.41956,126.26856,-2.9922364,0.4918169,31.99194
spring,20240520-3,T4.npz,4.9,86,169.416,126.28314,-2.9922364,0.45019528,16.293385
spring,20240520-3,T4.npz,4.933333,87,169.41481,126.29121,-2.9990852,0.24446853,6.2426863
spring,20240520-3,T4.npz,4.966666,88,176.85355,126.89267,3.10678,223.89238,6717.319
spring,20240520-3,T4.npz,5,89,176.85355,126.89267,3.10678,0,6716.637
spring,20240520-3,T4.npz,5.033333,90,180.85864,126.74511,-0.03512221,120.2358,3607.1099
spring,20240520-3,T4.npz,5.066666,91,180.85864,126.74511,-0.03512221,0,3607.1099
spring,20240520-3,T4.npz,5.1,92,180.87445,126.75244,-0.039100565,0.52286625,15.685674
spring,20240520-3,T4.npz,5.133333,93,185.3529,126.28114,2.972363,135.0969,4039.4937
spring,20240520-3,T4.npz,5.166666,94,185.3529,126.28114,2.972363,0,4052.9473
spring,20240520-3,T4.npz,5.2,95,188.83688,125.60716,2.927161,106.454636,3193.5754
spring,20240520-3,T4.npz,5.233333,96,188.89368,125.56781,-0.19675429,2.0729582,3136.858
spring,20240520-3,T4.npz,5.266666,97,192.13895,124.54277,2.8263109,102.10027,3003.684
spring,20240520-3,T4.npz,5.3,98,192.1382,124.53643,2.8310316,0.19152908,3061.8755
spring,20240520-3,T4.npz,5.333333,99,192.12825,124.53824,2.8382437,0.30339426,11.062824
spring,20240520-3,T4.npz,5.366666,100,195.2435,123.25815,-0.43740225,101.0408,3040.157
spring,20240520-3,T4.npz,5.4,101,195.24089,123.25989,2.74818,0.09407575,3033.931
spring,20240520-3,T4.npz,5.433333,102,196.08867,122.52061,-0.40955243,33.74562,1015.1776
spring,20240520-3,T4.npz,5.466666,103,196.08867,122.52061,-0.40955243,0,1012.3787
spring,20240520-3,T4.npz,5.5,104,196.13469,122.42977,-0.47654682,3.054899,91.64514
spring,20240520-3,T4.npz,5.533333,105,196.13524,122.444954,-0.47654682,0.4558845,103.824715
spring,20240520-3,T4.npz,5.566666,106,196.1336,122.437386,-0.47654682,0.23224615,20.572548
spring,20240520-3,T4.npz,5.6,107,196.12561,122.43612,-0.4779495,0.24304955,8.058933
spring,20240520-3,T4.npz,5.633333,108,196.13759,122.43303,-0.47765976,0.3712973,18.06252
spring,20240520-3,T4.npz,5.666666,109,196.13759,122.43303,-0.47765976,0,11.13903
spring,20240520-3,T4.npz,5.7,110,196.3938,121.545654,-0.7110812,27.708197,831.2293
spring,20240520-3,T4.npz,5.733333,111,196.39598,121.55208,-0.71513194,0.20356002,836.27637
spring,20240520-3,T4.npz,5.766666,112,196.74747,119.57658,-1.892446,60.196392,1811.2648
spring,20240520-3,T4.npz,5.8,113,196.74747,119.57658,-1.892446,0,1805.8557
spring,20240520-3,T4.npz,5.833333,114,196.90457,116.931915,1.6145495,79.48047,2384.4382
spring,20240520-3,T4.npz,5.866666,115,196.90457,116.931915,1.6145495,0,2384.4382
spring,20240520-3,T4.npz,5.9,116,196.894,116.943436,-1.600247,0.46904764,14.07115
spring,20240520-3,T4.npz,5.933333,117,196.85278,114.00936,1.5072179,88.031624,2651.2217
spring,20240520-3,T4.npz,5.966666,118,196.85646,114.01837,1.4891211,0.29188624,2649.132
spring,20240520-3,T4.npz,6,119,196.78537,111.78627,-1.5368414,66.995735,2018.0448
spring,20240520-3,T4.npz,6.033333,120,196.78532,111.77155,-1.5397127,0.4414897,1996.6531
spring,20240520-3,T4.npz,6.066666,121,196.7901,111.753265,-1.5124148,0.56705344,5.3871856
spring,20240520-3,T4.npz,6.1,122,196.58229,109.62767,-2.1425152,64.07055,1906.1213
spring,20240520-3,T4.npz,6.133333,123,196.58229,109.62767,-2.1425152,0,1922.1359
spring,20240520-3,T4.npz,6.166666,124,195.98842,106.307365,1.1850129,101.19102,3035.7607
spring,20240520-3,T4.npz,6.2,125,195.98842,106.307365,1.1850129,0,3035.67
spring,20240520-3,T4.npz,6.233333,126,195.99545,106.30872,1.1811153,0.21523488,6.457111
spring,20240520-3,T4.npz,6.266666,127,195.99545,106.30872,1.1811153,0,6.457111
spring,20240520-3,T4.npz,6.3,128,195.99545,106.30872,1.1811153,0,0
spring,20240520-3,T4.npz,6.333333,129,194.92775,101.03505,1.3195684,161.42174,4842.7007
spring,20240520-3,T4.npz,6.366666,130,194.92775,101.03505,1.3195684,0,4842.7007
spring,20240520-3,T4.npz,6.4,131,194.28755,97.39036,1.365949,111.012405,3330.306
spring,20240520-3,T4.npz,6.433333,132,194.28036,97.38564,1.3540777,0.25778213,3325.113
spring,20240520-3,T4.npz,6.466666,133,194.2793,97.37383,1.3540777,0.35581297,8.426023
spring,20240520-3,T4.npz,6.5,134,193.83617,93.88488,-1.8036869,105.50722,3154.4858
spring,20240520-3,T4.npz,6.533333,135,193.83617,93.88488,-1.8036869,0,3165.2483
spring,20240520-3,T4.npz,6.566666,136,193.50539,92.34735,-2.0819712,47.181812,1415.4685
spring,20240520-3,T4.npz,6.6,137,193.49652,92.33586,-2.092828,0.43546477,1403.6495
spring,20240520-3,T4.npz,6.633333,138,193.57578,92.284775,-2.0128522,2.8287716,86.95194
spring,20240520-3,T4.npz,6.666666,139,193.58525,92.29634,-2.0187638,0.44868824,84.39977
spring,20240520-3,T4.npz,6.7,140,193.58525,92.29634,-2.0187638,0,13.460379
spring,20240520-3,T4.npz,6.733333,141,193.71011,92.364456,-1.9272772,4.2670536,128.0129
spring,20240520-3,T4.npz,6.766666,142,193.71011,92.364456,-1.9272772,0,128.0129
spring,20240520-3,T4.npz,6.8,143,193.59218,92.17871,-2.0319273,6.6007657,198.01903
spring,20240520-3,T4.npz,6.833333,144,193.60356,92.16389,-2.036416,0.5608241,192.90944
spring,20240520-3,T4.npz,6.866666,145,193.608,92.16947,-2.037407,0.21393852,19.40261
spring,20240520-3,T4.npz,6.9,146,193.608,92.16947,-2.037407,0,6.4180274
spring,20240520-3,T4.npz,6.933333,147,193.59917,92.17265,-2.0401218,0.28177842,8.453438
spring,20240520-3,T4.npz,6.966666,148,193.7552,92.182045,-1.9640119,4.689505,148.49068
spring,20240520-3,T4.npz,7,149,193.7552,92.182045,-1.9640119,0,140.68234
spring,20240520-3,T4.npz,7.033333,150,194.05183,92.23093,-1.8245518,9.019185,270.57825
spring,20240520-3,T4.npz,7.066666,151,194.06433,92.24968,-1.851066,0.6759184,257.17062
spring,20240520-3,T4.npz,7.1,152,194.07805,92.26687,-1.8145489,0.6598037,1.7947689
spring,20240520-3,T4.npz,7.133333,153,194.21472,92.0735,-2.04091,7.103695,219.43965
spring,20240520-3,T4.npz,7.166666,154,194.21025,92.03877,-1.9377847,1.0504781,191.10457
spring,20240520-3,T4.npz,7.2,155,194.3959,91.89372,-1.8336233,7.067848,197.82494
spring,20240520-3,T4.npz,7.233333,156,194.3959,91.89372,-1.8336233,0,212.03757
spring,20240520-3,T4.npz,7.266666,157,194.36357,91.87188,-1.7067009,1.170794,35.124172
spring,20240520-3,T4.npz,7.3,158,194.3722,91.890594,-1.70962,0.6182831,51.885075
spring,20240520-3,T4.npz,7.333333,159,194.37079,91.915085,-1.8007114,0.7359853,10.422059
spring,20240520-3,T4.npz,7.366666,160,194.4094,91.91296,-1.8174886,1.1597573,43.251984
spring,20240520-3,T4.npz,7.4,161,194.4065,91.890495,-1.8174886,0.6792397,41.57804
spring,20240520-3,T4.npz,7.433333,162,194.45251,91.86674,-1.6120706,1.5535114,44.02399
spring,20240520-3,T4.npz,7.466666,163,194.44832,91.85797,-1.6255865,0.29153708,47.15493
spring,20240520-3,T4.npz,7.5,164,194.4585,91.7872,-1.5454026,2.1449344,57.280113
spring,20240520-3,T4.npz,7.533333,165,194.44754,91.52813,2.9772441,7.779183,170.53981
spring,20240520-3,T4.npz,7.566666,166,194.44754,91.52813,2.9772441,0,233.37782
spring,20240520-3,T4.npz,7.6,167,194.4585,91.7872,-1.5454026,7.7789497,233.36383
spring,20240520-3,T4.npz,7.633333,168,194.4585,91.7872,-1.5454026,0,233.37083
spring,20240520-3,T4.npz,7.666666,169,194.44841,91.435265,3.1193702,10.562489,316.8778
spring,20240520-3,T4.npz,7.7,170,194.44675,91.43361,1.7607883,0.07010914,315.3424
spring,20240520-3,T4.npz,7.733333,171,194.45726,91.68933,-1.4310719,7.6782475,231.90118
spring,20240520-3,T4.npz,7.766666,172,194.5085,91.47474,-1.4915988,6.6188736,424.87814
spring,20240520-3,T4.npz,7.8,173,194.5085,91.47474,-1.4915988,0,198.56224
spring,20240520-3,T4.npz,7.833333,174,194.51012,91.416824,-3.0056725,1.7381905,52.14624
spring,20240520-3,T4.npz,7.866666,175,194.49902,91.41471,-3.0129385,0.3389265,51.511135
spring,20240520-3,T4.npz,7.9,176,194.49902,91.41471,-3.0129385,0,10.167592
spring,20240520-3,T4.npz,7.933333,177,194.57147,91.40681,-3.125746,2.186425,65.59339
spring,20240520-3,T4.npz,7.966666,178,194.56702,91.39737,3.129392,0.3130438,69.2279
spring,20240520-3,T4.npz,8,179,195.0436,90.959175,2.5546489,19.421799,579.9133
spring,20240520-3,T4.npz,8.033333,180,195.04483,90.94757,2.5147085,0.3500431,574.8154
spring,20240520-3,T4.npz,8.066666,181,195.03569,90.94222,2.5643191,0.31750914,10.8968725
spring,20240520-3,T4.npz,8.1,182,195.04895,90.929756,2.5638268,0.54581803,21.140892
spring,20240520-3,T4.npz,8.133333,183,195.05795,90.93514,2.5336802,0.3148965,16.5104
spring,20240520-3,T4.npz,8.166666,184,194.53287,91.43448,2.8326602,21.738392,654.7591
spring,20240520-3,T4.npz,8.2,185,194.53287,91.43448,2.8326602,0,652.13873
spring,20240520-3,T4.npz,8.233333,186,194.53287,91.43448,2.8326602,0,0
spring,20240520-3,T4.npz,8.266666,187,194.53287,91.43448,2.8326602,0,0
spring,20240520-3,T4.npz,8.3,188,194.53287,91.43448,2.8326602,0,0
spring,20240520-3,T4.npz,8.333333,189,194.13881,92.03373,0.8230283,21.516413,645.49884
spring,20240520-3,T4.npz,8.366666,190,194.13881,92.03373,0.8230283,0,645.49884
spring,20240520-3,T4.npz,8.4,191,193.45761,91.87909,0.9084469,20.955667,628.65753
spring,20240520-3,T4.npz,8.433333,192,193.45813,91.87538,0.9126985,0.11225199,628.40515
spring,20240520-3,T4.npz,8.466666,193,193.45758,91.88447,0.83675075,0.2731482,11.5543585
spring,20240520-3,T4.npz,8.5,194,193.26146,91.74733,0.63919586,7.179462,219.78023
spring,20240520-3,T4.npz,8.533333,195,193.29726,91.79498,0.74020654,1.788081,266.89017
spring,20240520-3,T4.npz,8.566666,196,192.13469,91.33787,-2.799983,37.476757,1170.331
spring,20240520-3,T4.npz,8.6,197,192.13051,91.32972,-2.7876642,0.27469337,1118.1133
spring,20240520-3,T4.npz,8.633333,198,189.92136,90.72669,-3.0941217,68.70026,2055.4812
spring,20240520-3,T4.npz,8.666666,199,189.92136,90.72669,-3.0941217,0,2061.028
spring,20240520-3,T4.npz,8.7,200,189.93466,90.727715,-3.0928226,0.40039188,12.011517
spring,20240520-3,T4.npz,8.733333,201,187.4045,90.4524,3.094611,76.353806,2302.643
spring,20240520-3,T4.npz,8.766666,202,187.4045,90.4524,3.094611,0,2290.6375
spring,20240520-3,T4.npz,8.8,203,184.88779,90.39254,0.08489003,75.52093,2265.5828
spring,20240520-3,T4.npz,8.833333,204,184.87576,90.38738,0.08489003,0.39239576,2254.7292
spring,20240520-3,T4.npz,8.866666,205,184.86258,90.38433,0.08276334,0.40602934,2.1653702
spring,20240520-3,T4.npz,8.9,206,184.87724,90.3877,0.0894334,0.4514083,25.72261
spring,20240520-3,T4.npz,8.933333,207,184.92183,90.38829,0.042205285,1.3376261,27.045303
spring,20240520-3,T4.npz,8.966666,208,179.76076,90.99882,0.06756012,155.91313,4717.23
spring,20240520-3,T4.npz,9,209,179.74951,90.996414,0.060617626,0.345224,4667.497
spring,20240520-3,T4.npz,9.033333,210,179.74951,90.996414,0.060617626,0,10.356824
spring,20240520-3,T4.npz,9.066666,211,176.46098,91.21052,-0.030189995,98.86538,2965.9912
spring,20240520-3,T4.npz,9.1,212,176.46098,91.21052,-0.030189995,0,2965.9023
spring,20240520-3,T4.npz,9.133333,213,172.68068,91.028465,0.08303928,113.541794,3406.288
spring,20240520-3,T4.npz,9.166666,214,172.68318,91.04136,0.07702974,0.39392787,3409.117
spring,20240520-3,T4.npz,9.2,215,169.10286,90.81625,3.1209605,107.61997,3231.533
spring,20240520-3,T4.npz,9.233333,216,169.10286,90.81625,3.1209605,0,3228.6318
spring,20240520-3,T4.npz,9.266666,217,169.10286,90.81625,3.1209605,0,0
spring,20240520-3,T4.npz,9.3,218,165.63931,90.26478,3.1103284,105.21315,3156.3313
spring,20240520-3,T4.npz,9.333333,219,165.62665,90.2612,-3.1336942,0.39475566,3144.665
spring,20240520-3,T4.npz,9.366666,220,161.7873,89.89724,-3.0516317,115.69793,3459.3232
spring,20240520-3,T4.npz,9.4,221,161.7876,89.89115,-3.06113,0.18285877,3470.6206
spring,20240520-3,T4.npz,9.433333,222,158.14937,89.693405,0.09068409,109.30896,3279.2747
spring,20240520-3,T4.npz,9.466666,223,158.12108,89.676,0.09667748,0.99630064,3253.064
spring,20240520-3,T4.npz,9.5,224,158.13997,89.684425,0.092908315,0.6205569,48.404907
spring,20240520-3,T4.npz,9.533333,225,153.95529,89.59448,0.124110736,125.570885,3784.332
spring,20240520-3,T4.npz,9.566666,226,153.95529,89.59448,0.124110736,0,3767.1643
spring,20240520-3,T4.npz,9.6,227,153.95529,89.59448,0.124110736,0,0
spring,20240520-3,T4.npz,9.633333,228,153.94046,89.5951,0.122873634,0.4450054,13.350296
spring,20240520-3,T4.npz,9.666666,229,153.94046,89.5951,0.122873634,0,13.350296
spring,20240520-3,T4.npz,9.7,230,147.06308,90.11574,3.1145117,206.90799,6207.1167
spring,20240520-3,T4.npz,9.733333,231,147.08835,90.10779,3.1356068,0.79487425,6230.5273
spring,20240520-3,T4.npz,9.766666,232,147.07626,90.11238,3.1173766,0.38797346,35.472496
spring,20240520-3,T4.npz,9.8,233,145.80727,90.17696,-3.0081263,38.11843,1132.4591
spring,20240520-3,T4.npz,9.833333,234,145.82196,90.17749,-3.0047915,0.44124445,1156.7529
spring,20240520-3,T4.npz,9.866666,235,145.40062,90.109535,-2.8839076,12.803685,397.25293
spring,20240520-3,T4.npz,9.9,236,145.40062,90.109535,-2.8839076,0,384.1029
spring,20240520-3,T4.npz,9.933333,237,144.51814,89.7834,-2.7362707,28.224493,846.7433
spring,20240520-3,T4.npz,9.966666,238,144.56963,89.86651,-2.701631,2.9327614,917.72723
spring,20240520-3,T4.npz,10,239,143.61865,89.867836,-2.57974,28.528933,905.17865
spring,20240520-3,T4.npz,10.033333,240,143.61865,89.867836,-2.57974,0,855.87646
spring,20240520-3,T4.npz,10.066666,241,143.61461,89.87569,-2.5534418,0.26479,7.9437795
spring,20240520-3,T4.npz,10.1,242,143.34984,89.88993,2.2641432,7.954392,234.71317
spring,20240520-3,T4.npz,10.133333,243,143.34984,89.88993,2.2641432,0,238.63414
spring,20240520-3,T4.npz,10.166666,244,143.4088,89.8908,2.5230546,1.7690165,53.071026
spring,20240520-3,T4.npz,10.2,245,143.416,89.88419,-2.433593,0.29344314,47.05869
spring,20240520-3,T4.npz,10.233333,246,143.4088,89.89382,-2.4609969,0.36086214,19.545416
spring,20240520-3,T4.npz,10.266666,247,143.40149,89.90051,-2.382186,0.29713857,2.6391597
spring,20240520-3,T4.npz,10.3,248,143.4088,89.8908,2.5230546,0.3645042,19.765783
spring,20240520-3,T4.npz,10.333333,249,143.2099,89.964226,-0.12938648,6.360482,200.09322
spring,20240520-3,T4.npz,10.366666,250,143.20212,89.973625,-0.028937982,0.36602366,181.40463
spring,20240520-3,T4.npz,10.4,251,143.08784,89.97504,0.20665513,3.4284778,96.11612
spring,20240520-3,T4.npz,10.433333,252,143.08784,89.97504,0.20665513,0,102.85536
spring,20240520-3,T4.npz,10.466666,253,143.08784,89.97504,0.20665513,0,0
spring,20240520-3,T4.npz,10.5,254,143.2218,90.025,0.016846357,4.2891383,128.6716
spring,20240520-3,T4.npz,10.533333,255,143.2218,90.025,0.016846357,0,128.67545
spring,20240520-3,T4.npz,10.566666,256,143.2258,90.04283,0.018106138,0.5481443,16.444494
spring,20240520-3,T4.npz,10.6,257,143.2737,89.877525,-2.5119488,5.1630764,169.4867
spring,20240520-3,T4.npz,10.633333,258,143.28987,89.86577,-2.534052,0.5995685,141.11165
spring,20240520-3,T4.npz,10.666666,259,143.22139,89.76686,0.21042207,3.6088266,109.331055
spring,20240520-3,T4.npz,10.7,260,143.21983,89.76373,0.22227694,0.10501794,105.144745
spring,20240520-3,T4.npz,10.733333,261,143.11754,89.83073,-2.4978626,3.6683898,110.46243
spring,20240520-3,T4.npz,10.766666,262,143.11754,89.83073,-2.4978626,0,110.0528
spring,20240520-3,T4.npz,10.8,263,143.02658,89.760956,-2.5278327,3.4390125,103.16831
spring,20240520-3,T4.npz,10.833333,264,143.0149,89.76274,-2.5285912,0.3547418,96.10749
spring,20240520-3,T4.npz,10.866666,265,143.0149,89.76274,-2.5285912,0,10.642362
spring,20240520-3,T4.npz,10.9,266,143.02977,89.75051,-2.5278327,0.57782596,17.334435
spring,20240520-3,T4.npz,10.933333,267,143.02084,89.75731,-2.5175095,0.33681348,27.43507
spring,20240520-3,T4.npz,10.966666,268,143.02084,89.75731,-2.5175095,0,10.1045065
spring,20240520-3,T4.npz,11,269,143.14476,89.86115,-2.7338693,4.8499866,145.4967
spring,20240520-3,T4.npz,11.033333,270,143.14476,89.86115,-2.7338693,0,145.50105
spring,20240520-3,T4.npz,11.066666,271,142.79861,89.972206,0.12369971,10.905776,327.17654
spring,20240520-3,T4.npz,11.1,272,142.79861,89.972206,0.12369971,0,327.16672
spring,20240520-3,T4.npz,11.133333,273,141.47246,89.90996,-2.892824,39.82891,1194.8794
spring,20240520-3,T4.npz,11.166666,274,141.46802,89.90411,-2.9224908,0.22012158,1190.6556
spring,20240520-3,T4.npz,11.2,275,139.50757,89.764786,2.963311,58.96084,1764.4419
spring,20240520-3,T4.npz,11.233333,276,139.50757,89.764786,2.963311,0,1768.8429
spring,20240520-3,T4.npz,11.266666,277,139.50757,89.764786,2.963311,0,0
spring,20240520-3,T4.npz,11.3,278,137.21614,89.99958,0.003589624,69.10119,2072.9941
spring,20240520-3,T4.npz,11.333333,279,137.23903,90.00122,0.032973517,0.68826795,2093.3965
spring,20240520-3,T4.npz,11.366666,280,137.22911,89.99936,0.034310766,0.30290884,29.694838
spring,20240520-3,T4.npz,11.4,281,134.11157,90.45961,2.8145225,94.53782,2827.4885
spring,20240520-3,T4.npz,11.433333,282,134.12007,90.45228,2.8684144,0.33690244,2844.7053
spring,20240520-3,T4.npz,11.466666,283,131.11409,91.38039,-0.12169531,94.38086,2840.7185
spring,20240520-3,T4.npz,11.5,284,131.14061,91.39049,-0.09970903,0.8511146,2851.5254
spring,20240520-3,T4.npz,11.533333,285,128.34615,92.158424,-0.18431827,86.94272,2628.9465
spring,20240520-3,T4.npz,11.566666,286,128.34615,92.158424,-0.18431827,0,2608.3076
spring,20240520-3,T4.npz,11.6,287,128.35092,92.157234,-0.19213411,0.14763738,4.4290333
spring,20240520-3,T4.npz,11.633333,288,128.33937,92.15407,-0.1798064,0.35929185,14.799881
spring,20240520-3,T4.npz,11.666666,289,128.33937,92.15407,-0.1798064,0,10.778863
spring,20240520-3,T4.npz,11.7,290,121.52115,94.24251,-0.23099491,213.92252,6417.5474
spring,20240520-3,T4.npz,11.733333,291,121.55514,94.2356,-0.2329655,1.0405362,6448.8105
spring,20240520-3,T4.npz,11.766666,292,121.55514,94.2356,-0.2329655,0,31.216396
spring,20240520-3,T4.npz,11.8,293,117.86025,95.77226,-0.33588493,120.04837,3601.3792
spring,20240520-3,T4.npz,11.833333,294,117.853386,95.77912,-0.34628302,0.29114613,3593.414
spring,20240520-3,T4.npz,11.866666,295,113.67518,97.16214,-0.26989022,132.03592,3953.3145
spring,20240520-3,T4.npz,11.9,296,113.70788,97.15437,-0.2786406,1.0080916,3991.1284
spring,20240520-3,T4.npz,11.933333,297,109.5036,98.60152,-0.31806275,133.39229,4031.907
spring,20240520-3,T4.npz,11.966666,298,109.52105,98.59919,-0.3232557,0.5280701,4017.3403
spring,20240520-3,T4.npz,12,299,105.448524,100.10119,-0.41343802,130.2177,3921.913
spring,20240520-3,T4.npz,12.033333,300,105.448524,100.10119,-0.41343802,0,3906.5703
spring,20240520-3,T4.npz,12.066666,301,105.450745,100.10341,-0.37960234,0.09428134,2.8284686
spring,20240520-3,T4.npz,12.1,302,101.92166,101.924995,-0.4787004,119.142075,3575.057
spring,20240520-3,T4.npz,12.133333,303,101.9361,101.89476,-0.4701971,1.0053356,3598.3745
spring,20240520-3,T4.npz,12.166666,304,98.88062,103.96743,-0.6242987,110.76531,3349.06
spring,20240520-3,T4.npz,12.2,305,98.88599,103.97045,-0.63217574,0.18482824,3325.3645
spring,20240520-3,T4.npz,12.233333,306,98.839355,104.019325,-0.6277742,2.0264049,62.387733
spring,20240520-3,T4.npz,12.266666,307,98.82634,104.02357,-0.6359306,0.41083807,50.280186
spring,20240520-3,T4.npz,12.3,308,98.8729,103.9746,-0.63883567,2.0271626,71.895996
spring,20240520-3,T4.npz,12.333333,309,92.50414,109.61343,2.4287922,255.19208,7716.4326
spring,20240520-3,T4.npz,12.366666,310,92.51781,109.625244,2.4188347,0.54200774,7658.0117
spring,20240520-3,T4.npz,12.4,311,89.44375,112.95694,2.4485352,135.99374,4080.284
spring,20240520-3,T4.npz,12.433333,312,89.459724,112.92798,2.4445078,0.992328,4108.768
spring,20240520-3,T4.npz,12.466666,313,89.457245,112.932205,2.4559765,0.1470066,34.179054
spring,20240520-3,T4.npz,12.5,314,88.00285,115.723045,1.731427,94.41016,2827.8435
spring,20240520-3,T4.npz,12.533333,315,87.995895,115.72746,1.7318103,0.2472707,2825.9153
spring,20240520-3,T4.npz,12.566666,316,87.990074,115.752754,1.6773889,0.7786546,18.814472
spring,20240520-3,T4.npz,12.6,317,87.792206,118.876755,-1.5681052,93.90579,2794.0713
spring,20240520-3,T4.npz,12.633333,318,87.792206,118.876755,-1.5681052,0,2817.2021
spring,20240520-3,T4.npz,12.666666,319,87.6337,122.52685,1.6541436,109.607216,3288.2493
spring,20240520-3,T4.npz,12.7,320,87.64112,122.52604,1.6540504,0.22388296,3289.1746
spring,20240520-3,T4.npz,12.733333,321,87.51151,126.804695,1.7602234,128.41983,3853.5693
spring,20240520-3,T4.npz,12.766666,322,87.51151,126.804695,1.7602234,0,3852.6335
spring,20240520-3,T4.npz,12.8,323,87.13158,130.56065,-1.4505024,113.25139,3397.4739
spring,20240520-3,T4.npz,12.833333,324,87.13158,130.56065,-1.4505024,0,3397.5757
spring,20240520-3,T4.npz,12.866666,325,87.126724,130.55551,-1.459343,0.21189201,6.3568234
spring,20240520-3,T4.npz,12.9,326,87.126724,130.55551,-1.459343,0,6.3566337
spring,20240520-3,T4.npz,12.933333,327,87.126724,130.55551,-1.459343,0,0
spring,20240520-3,T4.npz,12.966666,328,87.126724,130.55551,-1.459343,0,0
spring,20240520-3,T4.npz,13,329,86.7666,138.58041,1.5261074,240.98433,7229.3853
spring,20240520-3,T4.npz,13.033333,330,86.7702,138.5582,1.5305158,0.675106,7249.7197
spring,20240520-3,T4.npz,13.066666,331,86.94214,141.43529,1.3017843,86.46732,2613.813
spring,20240520-3,T4.npz,13.1,332,86.94281,141.43327,1.2555324,0.06353262,2595.737
spring,20240520-3,T4.npz,13.133333,333,87.673065,143.43613,-2.0158014,63.95535,1920.1724
spring,20240520-3,T4.npz,13.166666,334,87.673065,143.43613,-2.0158014,0,1918.6797
spring,20240520-3,T4.npz,13.2,335,88.65161,145.65988,0.8730568,72.884544,2186.493
spring,20240520-3,T4.npz,13.233333,336,88.650955,145.65466,0.87182426,0.15751565,2191.0872
spring,20240520-3,T4.npz,13.266666,337,88.62504,145.63385,0.86965644,0.9972345,26.72678
spring,20240520-3,T4.npz,13.3,338,90.261475,148.65784,1.0998486,103.14936,3122.0166
spring,20240520-3,T4.npz,13.333333,339,90.26029,148.66641,1.1019558,0.2597098,3088.234
spring,20240520-3,T4.npz,13.366666,340,91.36318,151.89247,1.2589365,102.28194,3061.532
spring,20240520-3,T4.npz,13.4,341,91.36318,151.90898,1.2695202,0.4952246,3054.343
spring,20240520-3,T4.npz,13.433333,342,91.61135,155.00491,1.17832,93.17699,2780.5283
spring,20240520-3,T4.npz,13.466666,343,91.638855,155.05148,1.2234547,1.6224447,2751.666
spring,20240520-3,T4.npz,13.5,344,91.63178,155.06209,1.2315953,0.3825265,44.891914
spring,20240520-3,T4.npz,13.533333,345,92.26573,158.63892,1.4160216,108.978096,3261.0925
spring,20240520-3,T4.npz,13.566666,346,92.27292,158.6224,1.3935411,0.540105,3282.889
spring,20240520-3,T4.npz,13.6,347,92.266106,158.62302,1.5056604,0.20511451,19.897985
spring,20240520-3,T4.npz,13.633333,348,92.27224,158.64148,1.4920017,0.5834452,19.841475
spring,20240520-3,T4.npz,13.666666,349,92.26555,158.61993,1.4743801,0.6764975,37.796852
spring,20240520-3,T4.npz,13.7,350,95.67638,166.11441,-2.0503678,247.019,7430.556
spring,20240520-3,T4.npz,13.733333,351,95.67638,166.11441,-2.0503678,0,7410.6445
spring,20240520-3,T4.npz,13.766666,352,98.88851,170.02382,-2.2924168,151.79437,4553.877
spring,20240520-3,T4.npz,13.8,353,98.87097,170.00536,-2.2937307,0.76370203,4576.592
spring,20240520-3,T4.npz,13.833333,354,98.849976,169.97264,-2.2836657,1.1663187,13.210964
spring,20240520-3,T4.npz,13.866666,355,102.08282,172.79047,-2.6050172,128.6568,3893.3489
spring,20240520-3,T4.npz,13.9,356,102.08282,172.79047,-2.6050172,0,3859.6267
spring,20240520-3,T4.npz,13.933333,357,105.39929,174.74744,0.2272039,115.525536,3465.8008
spring,20240520-3,T4.npz,13.966666,358,105.39929,174.74744,0.2272039,0,3465.8008
spring,20240520-3,T4.npz,14,359,105.39929,174.74744,0.2272039,0,0
spring,20240520-3,T4.npz,14.033333,360,109.38036,175.83685,-3.0586886,123.82452,3714.7725
spring,20240520-3,T4.npz,14.066666,361,109.369995,175.82861,-3.0527532,0.39739516,3725.7344
spring,20240520-3,T4.npz,14.1,362,112.78609,175.73456,3.0711882,102.51954,3084.6575
spring,20240520-3,T4.npz,14.133333,363,112.786995,175.73276,3.0751123,0.060678855,3074.7588
spring,20240520-3,T4.npz,14.166666,364,116.955086,174.37431,-0.4164006,131.51758,3944.2886
spring,20240520-3,T4.npz,14.2,365,116.965805,174.3736,-0.415736,0.32216367,3936.0823
spring,20240520-3,T4.npz,14.233333,366,116.961044,174.36751,2.8075473,0.23180087,14.741883
spring,20240520-3,T4.npz,14.266666,367,116.97173,174.3668,2.8160908,0.32135797,14.725121
spring,20240520-3,T4.npz,14.3,368,116.961044,174.36751,2.8075473,0.32134834,19.280802
spring,20240520-3,T4.npz,14.333333,369,125.147095,168.43442,2.3956149,303.30432,9107.38
spring,20240520-3,T4.npz,14.366666,370,125.14623,168.42746,2.4020302,0.21033388,9096.175
spring,20240520-3,T4.npz,14.4,371,125.15117,168.44298,2.3991716,0.48842406,20.887243
spring,20240520-3,T4.npz,14.433333,372,128.3917,164.32574,2.2601764,157.18721,4723.9077
spring,20240520-3,T4.npz,14.466666,373,128.38397,164.33498,2.2654305,0.36104348,4726.49
spring,20240520-3,T4.npz,14.5,374,130.39523,160.32353,1.9409806,134.6198,4049.0566
spring,20240520-3,T4.npz,14.533333,375,130.36949,160.33423,1.9476286,0.8363718,4057.6592
spring,20240520-3,T4.npz,14.566666,376,131.8019,156.33841,1.9082533,127.345215,3837.322
spring,20240520-3,T4.npz,14.6,377,131.8019,156.33841,1.9082533,0,3820.2803
spring,20240520-3,T4.npz,14.633333,378,131.7973,156.3374,1.914985,0.14105512,4.2316957
spring,20240520-3,T4.npz,14.666666,379,132.8695,153.19472,1.9425223,99.61799,2989.0476
spring,20240520-3,T4.npz,14.7,380,132.87581,153.18729,1.9391743,0.2921237,2980.3254
spring,20240520-3,T4.npz,14.733333,381,133.787,150.34439,1.8215331,89.56137,2678.775
spring,20240520-3,T4.npz,14.766666,382,133.78644,150.34494,1.8312279,0.023616415,2687.498
spring,20240520-3,T4.npz,14.8,383,134.77892,146.86887,1.9647106,108.44763,3253.9834
spring,20240520-3,T4.npz,14.833333,384,134.78648,146.87967,1.9925643,0.39581904,3260.9512
spring,20240520-3,T4.npz,14.866666,385,134.79521,146.86205,1.9922973,0.5899889,25.602718
spring,20240520-3,T4.npz,14.9,386,134.79521,146.86205,1.9922973,0,17.699312
spring,20240520-3,T4.npz,14.933333,387,134.79521,146.86205,1.9922973,0,0
spring,20240520-3,T4.npz,14.966666,388,135.70863,143.03897,-1.164132,117.921425,3537.678
spring,20240520-3,T4.npz,15,389,135.7127,143.03903,-1.1682984,0.1223889,3536.7815
spring,20240520-3,T4.npz,15.033333,390,135.71642,143.0282,-1.168783,0.34383854,9.829759
spring,20240520-3,T4.npz,15.066666,391,136.68297,140.45135,1.7924491,82.565216,2466.6707
spring,20240520-3,T4.npz,15.1,392,136.67784,140.44176,1.7918229,0.32648668,2470.4465
spring,20240520-3,T4.npz,15.133333,393,136.87888,139.82204,1.695224,19.54567,579.6215
spring,20240520-3,T4.npz,15.166666,394,136.8844,139.80478,1.6874977,0.5432995,570.07684
spring,20240520-3,T4.npz,15.2,395,136.86418,139.40219,1.7608839,12.092913,347.57425
spring,20240520-3,T4.npz,15.233333,396,136.85904,139.42403,1.7414639,0.6731504,382.23087
spring,20240520-3,T4.npz,15.266666,397,136.8564,139.41515,1.7376683,0.27789032,27.740498
spring,20240520-3,T4.npz,15.3,398,136.49532,137.92332,-1.8785164,46.046124,1373.0304
spring,20240520-3,T4.npz,15.333333,399,136.49532,137.92332,-1.8785164,0,1381.3975
spring,20240520-3,T4.npz,15.366666,400,135.36662,134.85446,0.9813255,98.09612,2942.913
spring,20240520-3,T4.npz,15.4,401,135.3721,134.87213,0.9802278,0.55483603,2959.4478
spring,20240520-3,T4.npz,15.433333,402,133.99704,131.3958,1.1544402,112.1535,3381.2366
spring,20240520-3,T4.npz,15.466666,403,133.99463,131.40083,1.1517583,0.16736326,3368.0608
spring,20240520-3,T4.npz,15.5,404,133.99463,131.40146,1.1495104,0.018786183,4.5185785
spring,20240520-3,T4.npz,15.533333,405,132.20738,127.29178,1.1849027,134.44571,4033.9282
spring,20240520-3,T4.npz,15.566666,406,132.20879,127.2916,1.1643058,0.042073213,4033.7678
spring,20240520-3,T4.npz,15.6,407,132.20642,127.308304,1.1741012,0.5059669,15.557143
spring,20240520-3,T4.npz,15.633333,408,132.20502,127.308556,1.1816708,0.042685296,14.827564
spring,20240520-3,T4.npz,15.666666,409,132.20432,127.29704,1.1879468,0.34611326,10.609631
spring,20240520-3,T4.npz,15.7,410,129.00903,117.879196,-1.8387837,298.34805,8940.246
spring,20240520-3,T4.npz,15.733333,411,129.03745,117.88617,1.1680806,0.8780117,8964.723
spring,20240520-3,T4.npz,15.766666,412,129.00851,117.85139,-1.8328295,1.3573455,63.855434
spring,20240520-3,T4.npz,15.8,413,127.491196,112.97017,1.1337847,153.34517,4562.6675
spring,20240520-3,T4.npz,15.833333,414,127.487656,112.959236,1.1406238,0.34474945,4590.0596
spring,20240520-3,T4.npz,15.866666,415,126.42921,108.01655,1.2018514,151.64403,4539.078
spring,20240520-3,T4.npz,15.9,416,126.402725,107.95235,1.2123696,2.0835333,4487.7524
spring,20240520-3,T4.npz,15.933333,417,126.129196,103.527695,-1.588798,132.99428,3930.776
spring,20240520-3,T4.npz,15.966666,418,126.12247,103.53155,-1.6117283,0.2326973,3992.9602
spring,20240520-3,T4.npz,16,419,126.60362,99.531494,1.655683,120.8641,3630.0212
spring,20240520-3,T4.npz,16.033333,420,126.605965,99.51815,1.6680095,0.40641472,3613.785
spring,20240520-3,T4.npz,16.066666,421,126.605965,99.51815,1.6680095,0,12.192563
spring,20240520-3,T4.npz,16.1,422,127.69691,95.87293,1.9997025,114.14672,3424.3333
spring,20240520-3,T4.npz,16.133333,423,127.69788,95.88063,2.016564,0.23276223,3430.8225
spring,20240520-3,T4.npz,16.166666,424,129.11569,93.45183,2.0571265,84.3712,2536.706
spring,20240520-3,T4.npz,16.2,425,129.123,93.46215,2.0475354,0.37941712,2535.8162
spring,20240520-3,T4.npz,16.233334,426,129.123,93.46307,2.050339,0.027658261,10.716039
spring,20240520-3,T4.npz,16.266666,427,129.11569,93.45276,2.0770004,0.37921554,12.06324
spring,20240520-3,T4.npz,16.3,428,129.11569,93.45183,2.0571265,0.027918354,10.703721
spring,20240520-3,T4.npz,16.333332,429,132.54837,90.37381,2.4722235,138.31873,4149.044
spring,20240520-3,T4.npz,16.366667,430,132.54402,90.37124,2.4626136,0.15147819,4150.9775
spring,20240520-3,T4.npz,16.4,431,132.55621,90.37371,2.4575279,0.37323847,15.562423
spring,20240520-3,T4.npz,16.433332,432,135.06273,89.66747,2.953565,78.12415,2333.7935
spring,20240520-3,T4.npz,16.466665,433,135.05896,89.66141,2.9436717,0.21432465,2345.5366
spring,20240520-3,T4.npz,16.5,434,136.60274,89.66442,0.005806522,46.31246,1392.7568
spring,20240520-3,T4.npz,16.533333,435,136.59319,89.66222,0.003307662,0.2943179,1397.996
spring,20240520-3,T4.npz,16.566666,436,137.77615,89.59179,3.085867,35.552555,1075.0598
spring,20240520-3,T4.npz,16.6,437,137.78995,89.59148,3.0762703,0.41366357,1054.1542
spring,20240520-3,T4.npz,16.633333,438,137.79659,89.59002,3.0993683,0.20385614,6.516595
spring,20240520-3,T4.npz,16.666666,439,139.42114,89.64824,3.0946946,48.768536,1457.1498
spring,20240520-3,T4.npz,16.7,440,139.43129,89.64489,3.094871,0.32088277,1454.0021
spring,20240520-3,T4.npz,16.733334,441,140.9482,89.89474,0.47251296,46.120422,1375.1022
spring,20240520-3,T4.npz,16.766666,442,140.9482,89.89474,0.47251296,0,1383.6265
spring,20240520-3,T4.npz,16.8,443,142.74925,89.80505,-0.1310593,54.09757,1622.8949
spring,20240520-3,T4.npz,16.833332,444,142.72865,89.827644,3.101212,0.9170496,1642.5751
spring,20240520-3,T4.npz,16.866667,445,142.72868,89.80701,-0.103158556,0.61918026,43.108677
spring,20240520-3,T4.npz,16.9,446,142.72868,89.80701,-0.103158556,0,18.575037
spring,20240520-3,T4.npz,16.933332,447,142.71689,89.83266,3.092973,0.8470307,25.411175
spring,20240520-3,T4.npz,16.966665,448,146.30423,89.72304,-0.00544195,107.67192,3241.5925
spring,20240520-3,T4.npz,17,449,146.2795,89.71557,-0.015814176,0.77508813,3252.1475
spring,20240520-3,T4.npz,17.033333,450,146.28717,89.70872,-0.04736144,0.30860814,29.17119
spring,20240520-3,T4.npz,17.066666,451,147.67894,89.84091,2.996409,41.94146,1251.9846
spring,20240520-3,T4.npz,17.1,452,147.67741,89.83606,2.996409,0.15266337,1260.01
spring,20240520-3,T4.npz,17.133333,453,148.96722,90.32067,3.1051357,41.336063,1242.9254
spring,20240520-3,T4.npz,17.166666,454,148.97156,90.32134,3.1055508,0.13148572,1236.2334
spring,20240520-3,T4.npz,17.2,455,150.78418,90.485954,2.419586,54.60141,1634.073
spring,20240520-3,T4.npz,17.233334,456,150.78418,90.485954,2.419586,0,1638.0586
spring,20240520-3,T4.npz,17.266666,457,153.72491,91.08212,-3.1346917,90.01721,2700.5435
spring,20240520-3,T4.npz,17.3,458,153.71452,91.08533,-3.1335304,0.3260756,2709.0525
spring,20240520-3,T4.npz,17.333332,459,153.72954,91.08639,3.133731,0.45148364,22.938778
spring,20240520-3,T4.npz,17.366667,460,156.69849,91.18081,-3.1178813,89.11454,2659.9285
spring,20240520-3,T4.npz,17.4,461,156.70807,91.18558,-3.1178813,0.3211223,2664.6284
spring,20240520-3,T4.npz,17.433332,462,156.73236,91.20728,-3.1171548,0.9771805,20.187727
spring,20240520-3,T4.npz,17.466665,463,160.56065,92.03078,-2.9892743,117.47723,3498.9065
spring,20240520-3,T4.npz,17.5,464,160.57283,92.017845,-3.0102491,0.53288674,3516.0076
spring,20240520-3,T4.npz,17.533333,465,164.67474,93.30405,-2.8780644,128.9662,3862.0771
spring,20240520-3,T4.npz,17.566666,466,164.67474,93.30405,-2.8780644,0,3869.0247
spring,20240520-3,T4.npz,17.6,467,164.7158,93.3225,-2.9040918,1.3507493,40.521675
spring,20240520-3,T4.npz,17.633333,468,164.69998,93.31877,-2.9036539,0.48790145,54.96448
spring,20240520-3,T4.npz,17.666666,469,164.71565,93.309105,-2.8863745,0.5525093,28.852297
spring,20240520-3,T4.npz,17.7,470,167.89182,94.806015,-1.3882674,105.334915,3150.9663
spring,20240520-3,T4.npz,17.733334,471,167.88312,94.780334,-2.632983,0.81349856,3177.0632
spring,20240520-3,T4.npz,17.766666,472,167.83649,94.75268,0.90806466,1.6266333,34.191456
spring,20240520-3,T4.npz,17.8,473,167.83649,94.75268,0.90806466,0,48.798023
spring,20240520-3,T4.npz,17.833332,474,167.83649,94.75268,0.90806466,0,0
spring,20240520-3,T4.npz,17.866667,475,167.55476,95.00324,0.9206836,11.310728,339.32523
spring,20240520-3,T4.npz,17.9,476,167.54114,94.97379,0.92745215,0.9736035,348.88074
spring,20240520-3,T4.npz,17.933332,477,167.43582,94.894875,-1.9795316,3.9478781,93.75043
spring,20240520-3,T4.npz,17.966665,478,167.44797,94.78537,0.7815122,3.3054633,109.23603
spring,20240520-3,T4.npz,18,479,167.38187,94.8032,0.9989866,2.0538583,134.50839
spring,20240520-3,T4.npz,18.033333,480,167.37354,94.81148,1.0363073,0.35240296,52.69664
spring,20240520-3,T4.npz,18.066666,481,167.37354,94.81148,1.0363073,0,10.572194
spring,20240520-3,T4.npz,18.1,482,167.32216,94.8513,2.8845787,1.9498901,58.495537
spring,20240520-3,T4.npz,18.133333,483,167.30083,94.8513,-2.2049048,0.6403148,44.886692
spring,20240520-3,T4.npz,18.166666,484,167.28104,94.91187,-2.083608,1.9115173,54.531624
spring,20240520-3,T4.npz,18.2,485,167.2484,95.060394,-1.8288933,4.5618515,79.99244
spring,20240520-3,T4.npz,18.233334,486,167.25133,95.076065,-1.8173953,0.47839013,123.77548
spring,20240520-3,T4.npz,18.266666,487,167.25133,95.076065,-1.8173953,0,14.351847
spring,20240520-3,T4.npz,18.3,488,167.25133,95.076065,-1.8173953,0,0
spring,20240520-3,T4.npz,18.333332,489,167.29947,95.1735,1.3946283,3.2603595,97.81176
spring,20240520-3,T4.npz,18.366667,490,167.30156,95.17237,1.3384382,0.07121921,97.915375
spring,20240520-3,T4.npz,18.4,491,167.25056,95.046074,0.920949,4.085885,122.35217
spring,20240520-3,T4.npz,18.433332,492,167.17471,95.136696,0.91813254,3.5454292,196.50378
spring,20240520-3,T4.npz,18.466665,493,167.17471,95.136696,0.91813254,0,106.363945
spring,20240520-3,T4.npz,18.5,494,167.18901,95.2414,-1.5108299,3.1703587,95.108864
spring,20240520-3,T4.npz,18.533333,495,167.18279,95.234726,-1.5067449,0.27397087,101.93682
spring,20240520-3,T4.npz,18.566666,496,167.28677,95.25088,-1.5510283,3.1570482,101.30093
spring,20240520-3,T4.npz,18.6,497,167.28769,95.258995,-1.5843294,0.24526292,93.03869
spring,20240520-3,T4.npz,18.633333,498,167.28102,95.26523,-1.6352869,0.2735894,7.0359187
spring,20240520-3,T4.npz,18.666666,499,168.33789,95.11956,-1.9460342,32.00602,966.90704
spring,20240520-3,T4.npz,18.7,500,168.29146,95.09557,-2.1379178,1.5677055,998.9727
spring,20240520-3,T4.npz,18.733334,501,170.28142,94.97486,-0.5841854,59.80879,1834.84
spring,20240520-3,T4.npz,18.766666,502,170.3018,94.97954,-0.5417745,0.6275161,1776.2297
spring,20240520-3,T4.npz,18.8,503,174.0953,94.22601,2.9822915,116.02641,3463.5554
spring,20240520-3,T4.npz,18.833332,504,174.07681,94.21952,2.9783084,0.5879771,3496.023
spring,20240520-3,T4.npz,18.866667,505,174.18289,94.15655,-0.1443609,3.700751,123.09431
spring,20240520-3,T4.npz,18.9,506,174.0494,94.22937,2.9610517,4.562205,247.84319
spring,20240520-3,T4.npz,18.933332,507,174.0494,94.22937,2.9610517,0,136.86751
spring,20240520-3,T4.npz,18.966665,508,180.55783,93.84093,0.006651758,195.60277,5868.142
spring,20240520-3,T4.npz,19,509,180.55783,93.84093,0.006651758,0,5867.9663
spring,20240520-3,T4.npz,19.033333,510,180.5727,93.84119,0.005225114,0.44573203,13.372095
spring,20240520-3,T4.npz,19.066666,511,183.53937,93.984276,3.129713,89.104614,2659.7993
spring,20240520-3,T4.npz,19.1,512,183.55307,93.98209,3.1253808,0.41639116,2660.8594
spring,20240520-3,T4.npz,19.133333,513,182.39937,92.991104,-2.3094552,45.627033,1376.9355
spring,20240520-3,T4.npz,19.166666,514,182.39937,92.991104,-2.3094552,0,1368.8247
spring,20240520-3,T4.npz,19.2,515,189.9241,95.62422,-2.7831855,239.15913,7174.631
spring,20240520-3,T4.npz,19.233334,516,189.96704,95.635216,-2.7792068,1.3299994,7135.0938
spring,20240520-3,T4.npz,19.266666,517,189.94804,95.64377,-2.7949672,0.6249267,55.7936
spring,20240520-3,T4.npz,19.3,518,192.59097,96.67243,-2.8749838,85.07984,2565.52
spring,20240520-3,T4.npz,19.333332,519,192.61296,96.67263,-2.8692873,0.65965074,2533.9238
spring,20240520-3,T4.npz,19.366667,520,194.26569,96.82307,0.09357824,49.787357,1473.9127
spring,20240520-3,T4.npz,19.4,521,194.27621,96.836075,0.071135804,0.50203156,1483.1365
spring,20240520-3,T4.npz,19.433332,522,195.06104,96.67957,-0.08838166,24.008572,713.3905
spring,20240520-3,T4.npz,19.466665,523,195.02432,96.678665,-0.07806659,1.1019745,752.5499
spring,20240520-3,T4.npz,19.5,524,195.03877,96.644394,-0.07539652,1.1157413,54.97621
spring,20240520-3,T4.npz,19.533333,525,195.48091,96.21416,-0.16035265,18.507954,524.57404
spring,20240520-3,T4.npz,19.566666,526,195.46419,96.21868,-0.16724084,0.52003586,568.9274
spring,20240520-3,T4.npz,19.6,527,195.4626,96.23529,-0.26379758,0.500613,17.444475
spring,20240520-3,T4.npz,19.633333,528,195.47276,96.23779,-0.2649134,0.31389076,16.518854
spring,20240520-3,T4.npz,19.666666,529,195.48091,96.21416,-0.16035265,0.7502442,23.59941
spring,20240520-3,T4.npz,19.7,530,195.67455,94.70228,3.0769053,45.725754,1349.7172
spring,20240520-3,T4.npz,19.733334,531,195.67455,94.70228,3.0769053,0,1371.7864
spring,20240520-3,T4.npz,19.766666,532,195.7821,93.95297,-2.6499574,22.709845,681.30225
spring,20240520-3,T4.npz,19.8,533,195.77303,93.95231,-2.5886078,0.27313954,681.89545
spring,20240520-3,T4.npz,19.833332,534,195.93091,93.21511,-2.9836016,22.61765,679.70667
spring,20240520-3,T4.npz,19.866667,535,195.90529,93.20447,-3.0920146,0.8322976,674.45135
spring,20240520-3,T4.npz,19.9,536,195.91052,93.19577,-2.9934087,0.30455026,27.827192
spring,20240520-3,T4.npz,19.933332,537,195.73232,92.85125,-0.46198532,11.636731,344.4058
spring,20240520-3,T4.npz,19.966665,538,195.73613,92.85743,-0.5174085,0.21817008,355.63168
spring,20240520-3,T4.npz,20,539,195.7114,92.817406,-2.7738569,1.41154,48.890324
spring,20240520-3,T4.npz,20.033333,540,195.7114,92.817406,-2.7738569,0,42.346626
spring,20240520-3,T4.npz,20.066666,541,195.73033,92.77925,-2.522177,1.2777631,38.333275
spring,20240520-3,T4.npz,20.1,542,195.75616,92.763,-2.6934526,0.9154629,20.6744
spring,20240520-3,T4.npz,20.133333,543,195.77422,92.7725,-2.7879903,0.6120527,24.203682
spring,20240520-3,T4.npz,20.166666,544,195.7335,92.76539,-2.552296,1.2396511,54.958042
spring,20240520-3,T4.npz,20.2,545,195.7335,92.76539,-2.552296,0,37.18879
spring,20240520-3,T4.npz,20.233334,546,195.74939,92.761856,-2.7539086,0.48808777,14.64278
spring,20240520-3,T4.npz,20.266666,547,195.74956,92.770706,-2.7367144,0.26567495,18.003141
spring,20240520-3,T4.npz,20.3,548,195.73047,92.78669,-2.612758,0.7470215,18.49222
spring,20240520-3,T4.npz,20.333332,549,195.6506,92.57231,-2.8113132,6.863089,214.41234
spring,20240520-3,T4.npz,20.366667,550,195.6402,92.56963,-2.6752725,0.32225066,200.52412
spring,20240520-3,T4.npz,20.4,551,195.49023,92.46437,-0.91121113,5.4964795,155.88062
spring,20240520-3,T4.npz,20.433332,552,195.48906,92.453674,-0.9209862,0.32263672,158.66371
spring,20240520-3,T4.npz,20.466665,553,195.48158,92.44434,-0.90261865,0.35880345,5.7974586
spring,20240520-3,T4.npz,20.5,554,195.48033,92.44434,-0.89528775,0.037572365,10.097343
spring,20240520-3,T4.npz,20.533333,555,195.48033,92.44434,-0.89528775,0,1.1271822
spring,20240520-3,T4.npz,20.566666,556,195.47417,92.26687,-1.1985008,5.32768,159.83202
spring,20240520-3,T4.npz,20.6,557,195.45715,92.28624,-1.1048399,0.773568,177.43968
spring,20240520-3,T4.npz,20.633333,558,195.55061,92.25019,-1.0414844,3.0052803,111.24242
spring,20240520-3,T4.npz,20.666666,559,195.53387,92.25241,-0.8456667,0.50693095,105.00452
spring,20240520-3,T4.npz,20.7,560,195.52171,92.2433,-0.91035557,0.45572156,10.997645
spring,20240520-3,T4.npz,20.733334,561,195.64232,92.05061,-1.4881682,6.819962,203.91588
spring,20240520-3,T4.npz,20.766666,562,195.65114,92.076294,-1.4918672,0.8146776,220.80154
spring,20240520-3,T4.npz,20.8,563,195.96803,91.353035,1.6504436,23.68842,728.8132
spring,20240520-3,T4.npz,20.833332,564,195.93752,91.32342,1.6262987,1.2757943,698.1801
spring,20240520-3,T4.npz,20.866667,565,195.97469,91.32773,1.6412429,1.1226864,68.14542
spring,20240520-3,T4.npz,20.9,566,195.97159,91.327866,1.6463325,0.092980996,36.43619
spring,20240520-3,T4.npz,20.933332,567,195.97159,91.327866,1.6463325,0,2.7894576
spring,20240520-3,T4.npz,20.966665,568,196.05229,91.06455,1.1233859,8.26219,247.86818
spring,20240520-3,T4.npz,21,569,196.04247,91.047356,1.1122111,0.5941531,236.0146
spring,20240520-3,T4.npz,21.033333,570,196.04724,91.07261,1.0867481,0.77094585,40.39987
spring,20240520-3,T4.npz,21.066666,571,195.96532,91.06859,1.1725733,2.4608867,82.36937
spring,20240520-3,T4.npz,21.1,572,195.96829,91.05547,1.1725733,0.40345803,76.850845
spring,20240520-3,T4.npz,21.133333,573,195.98767,91.0488,1.0287266,0.6148291,15.861955
spring,20240520-3,T4.npz,21.166666,574,195.96712,91.04933,1.1138343,0.6165151,36.50993
spring,20240520-3,T4.npz,21.2,575,196.04047,90.946,1.0703707,3.801341,126.0004
spring,20240520-3,T4.npz,21.233334,576,196.01027,90.91688,0.97881645,1.2585201,114.647224
spring,20240520-3,T4.npz,21.266666,577,196.0472,90.98723,1.1051177,2.3837426,108.00571
spring,20240520-3,T4.npz,21.3,578,196.0472,90.98723,1.1051177,0,71.51085
spring,20240520-3,T4.npz,21.333332,579,196.06197,91.01888,1.0566552,1.0477941,31.434137
spring,20240520-3,T4.npz,21.366667,580,196.06197,91.01888,1.0566552,0,31.434137
spring,20240520-3,T4.npz,21.4,581,196.1007,91.068375,1.2392505,1.8855919,56.566628
spring,20240520-3,T4.npz,21.433332,582,196.1007,91.068375,1.2392505,0,56.56832
spring,20240520-3,T4.npz,21.466665,583,196.08226,90.98642,1.1555165,2.520173,75.60594
spring,20240520-3,T4.npz,21.5,584,196.09206,90.9754,1.0415809,0.44226882,68.71291
spring,20240520-3,T4.npz,21.533333,585,196.12129,90.99765,1.1495762,1.1022863,34.68221
spring,20240520-3,T4.npz,21.566666,586,196.11371,91.01492,1.1057937,0.5659518,33.444363
spring,20240520-3,T4.npz,21.6,587,196.11371,91.00018,1.0409162,0.442258,29.610651
spring,20240520-3,T4.npz,21.633333,588,196.11371,91.01492,1.1057937,0.44227126,26.536142
spring,20240520-3,T4.npz,21.666666,589,196.10414,91.03286,1.0790112,0.60980177,9.077276
spring,20240520-3,T4.npz,21.7,590,196.10979,91.02672,1.0913246,0.250039,25.62543
spring,20240520-3,T4.npz,21.733334,591,196.12376,91.02869,2.8022838,0.42369437,10.47365
spring,20240520-3,T4.npz,21.766666,592,196.07465,90.98312,1.1821083,2.0099266,71.10241
spring,20240520-3,T4.npz,21.8,593,196.07465,90.98312,1.1821083,0,60.296593
spring,20240520-3,T4.npz,21.833332,594,196.07457,90.97169,1.1115884,0.34312534,10.293863
spring,20240520-3,T4.npz,21.866667,595,196.02998,90.92473,1.2663416,1.9425498,51.255024
spring,20240520-3,T4.npz,21.9,596,196.02998,90.92473,1.2663416,0,58.275333
spring,20240520-3,T4.npz,21.933332,597,196.03227,90.919205,1.2473882,0.17923786,5.3771896
spring,20240520-3,T4.npz,21.966665,598,196.02196,90.93017,1.2548975,0.45150143,18.6687
spring,20240520-3,T4.npz,22,599,195.92928,91.450134,1.2500771,15.844644,464.05008
spring,20240520-3,T4.npz,22.033333,600,195.92932,91.42683,1.19892,0.6992861,496.0188
spring,20240520-3,T4.npz,22.066666,601,195.93361,91.41504,1.2374518,0.37614134,11.0476465
spring,20240520-3,T4.npz,22.1,602,195.80174,91.98653,0.8418736,17.594614,539.0304
spring,20240520-3,T4.npz,22.133333,603,195.79921,92.00086,0.93523115,0.43670544,514.76013
spring,20240520-3,T4.npz,22.166666,604,195.68715,91.97695,0.87964666,3.437454,104.405396
spring,20240520-3,T4.npz,22.2,605,195.64825,91.91099,0.83893734,2.2972128,75.94803
spring,20240520-3,T4.npz,22.233334,606,195.65952,91.913956,0.80493045,0.34916642,76.716194
spring,20240520-3,T4.npz,22.266666,607,195.65952,91.913956,0.80493045,0,10.475098
spring,20240520-3,T4.npz,22.3,608,195.64825,91.91099,0.83893734,0.349156,10.474471
spring,20240520-3,T4.npz,22.333332,609,195.46385,91.953766,0.5996402,5.679054,161.18361
spring,20240520-3,T4.npz,22.366667,610,195.42393,91.94489,0.5507579,1.2268704,138.09477
spring,20240520-3,T4.npz,22.4,611,195.43585,91.94781,0.57634366,0.36799088,47.842983
spring,20240520-3,T4.npz,22.433332,612,195.28091,91.58551,0.99536186,11.82111,361.37244
spring,20240520-3,T4.npz,22.466665,613,195.28687,91.59643,0.99536186,0.37294134,365.77637
spring,20240520-3,T4.npz,22.5,614,195.42233,91.91962,0.5172249,10.512818,304.25064
spring,20240520-3,T4.npz,22.533333,615,195.2681,91.565094,1.016271,11.598888,663.34296
spring,20240520-3,T4.npz,22.566666,616,195.268,91.84503,0.56420535,8.398197,587.64197
spring,20240520-3,T4.npz,22.6,617,195.268,91.84503,0.56420535,0,251.94089
spring,20240520-3,T4.npz,22.633333,618,195.27437,91.85561,0.56420535,0.37056348,11.117016
spring,20240520-3,T4.npz,22.666666,619,194.76468,91.75145,0.37889946,15.606878,475.80295
spring,20240520-3,T4.npz,22.7,620,194.76468,91.75145,0.37889946,0,468.19705
spring,20240520-3,T4.npz,22.733334,621,193.92978,91.54036,0.27883795,25.835632,775.0767
spring,20240520-3,T4.npz,22.766666,622,193.92978,91.54036,0.27883795,0,775.0767
spring,20240520-3,T4.npz,22.8,623,191.53438,90.73409,-2.948699,75.82172,2274.6062
spring,20240520-3,T4.npz,22.833332,624,191.53438,90.73409,-2.948699,0,2274.6743
spring,20240520-3,T4.npz,22.866667,625,191.54935,90.73562,-2.915527,0.45113784,13.534272
spring,20240520-3,T4.npz,22.9,626,191.5684,90.72971,-2.896531,0.5987458,7.6443453
spring,20240520-3,T4.npz,22.933332,627,191.5684,90.72971,-2.896531,0,17.962555
spring,20240520-3,T4.npz,22.966665,628,187.38806,90.498085,3.1319995,125.603806,3768.1519
spring,20240520-3,T4.npz,23,629,187.36798,90.502846,3.132024,0.61939096,3750.226
spring,20240520-3,T4.npz,23.033333,630,187.37521,90.502846,3.135579,0.21709126,24.964607
spring,20240520-3,T4.npz,23.066666,631,184.4184,90.422806,-3.0739362,88.737755,2668.6694
spring,20240520-3,T4.npz,23.1,632,184.4319,90.431725,-3.0755334,0.48529068,2674.4512
spring,20240520-3,T4.npz,23.133333,633,182.19373,90.475235,3.0921028,67.15859,2026.7852
spring,20240520-3,T4.npz,23.166666,634,182.18791,90.495125,-0.22414307,0.6216743,2009.281
spring,20240520-3,T4.npz,23.2,635,178.87329,90.65127,0.011879984,99.54708,2980.3398
spring,20240520-3,T4.npz,23.233334,636,178.87329,90.65127,0.011879984,0,2986.4424
spring,20240520-3,T4.npz,23.266666,637,178.8616,90.64047,0.021303514,0.47731933,14.319723
spring,20240520-3,T4.npz,23.3,638,175.86964,90.55934,2.764599,89.78971,2682.8745
spring,20240520-3,T4.npz,23.333332,639,175.85056,90.589226,2.671397,1.06401,2677.4033
spring,20240520-3,T4.npz,23.366667,640,172.7669,90.26096,-3.0125427,93.03279,2776.912
spring,20240520-3,T4.npz,23.4,641,172.7781,90.2658,-3.0235925,0.36603904,2801.4155
spring,20240520-3,T4.npz,23.433332,642,170.3198,90.30759,2.9406338,73.76115,2222.8677
spring,20240520-3,T4.npz,23.466665,643,170.3198,90.30759,2.9406338,0,2212.8564
spring,20240520-3,T4.npz,23.5,644,170.3198,90.30759,2.9406338,0,0
spring,20240520-3,T4.npz,23.533333,645,167.37549,90.28629,-0.062105387,88.33237,2649.9973
spring,20240520-3,T4.npz,23.566666,646,167.3648,90.29082,-0.05722494,0.347962,2640.418
spring,20240520-3,T4.npz,23.6,647,167.3521,90.286995,-0.0566157,0.39779016,7.7230806
spring,20240520-3,T4.npz,23.633333,648,167.36052,90.29232,-0.0566157,0.2988233,20.709972
spring,20240520-3,T4.npz,23.666666,649,167.35126,90.28872,-0.0547163,0.29838824,17.83287
spring,20240520-3,T4.npz,23.7,650,163.0067,90.134125,-2.87187,130.41632,3903.9587
spring,20240520-3,T4.npz,23.733334,651,163.0067,90.134125,-2.87187,0,3912.5288
spring,20240520-3,T4.npz,23.766666,652,162.98985,90.13759,-2.868781,0.5162825,15.488629
spring,20240520-3,T4.npz,23.8,653,161.85435,90.08377,-2.8400836,34.102287,1008.0504
spring,20240520-3,T4.npz,23.833332,654,161.85435,90.08377,-2.8400836,0,1023.0788
spring,20240520-3,T4.npz,23.866667,655,160.68282,89.81275,-3.0487087,36.074574,1082.248
spring,20240520-3,T4.npz,23.9,656,160.7007,89.80605,-3.0413067,0.5728371,1096.5774
spring,20240520-3,T4.npz,23.933332,657,158.35504,89.71167,0.063748784,70.42739,2128.6917
spring,20240520-3,T4.npz,23.966665,658,158.35504,89.71167,0.063748784,0,2112.8428
spring,20240520-3,T4.npz,24,659,156.34555,89.556694,3.1136522,60.462814,1813.8483
spring,20240520-3,T4.npz,24.033333,660,156.31866,89.55365,-3.1380436,0.8114201,1789.5756
spring,20240520-3,T4.npz,24.066666,661,156.2625,89.56141,3.1019225,1.7010645,28.099815
spring,20240520-3,T4.npz,24.1,662,156.25914,89.56375,3.0882,0.1227588,47.779133
spring,20240520-3,T4.npz,24.133333,663,153.32947,89.66881,0.002962237,87.94767,2635.362
spring,20240520-3,T4.npz,24.166666,664,153.32947,89.66881,0.002962237,0,2638.4565
spring,20240520-3,T4.npz,24.2,665,149.75212,89.84725,3.0890193,107.45158,3223.4832
spring,20240520-3,T4.npz,24.233334,666,149.75212,89.84725,3.0890193,0,3223.5798
spring,20240520-3,T4.npz,24.266666,667,149.75212,89.84725,3.0890193,0,0
spring,20240520-3,T4.npz,24.3,668,149.75212,89.84725,3.0890193,0,0
spring,20240520-3,T4.npz,24.333332,669,149.75212,89.84725,3.0890193,0,0
spring,20240520-3,T4.npz,24.366667,670,146.43959,90.23529,-2.7906241,100.056694,3001.7307
spring,20240520-3,T4.npz,24.4,671,146.43959,90.23529,-2.7906241,0,3001.6409
spring,20240520-3,T4.npz,24.433332,672,146.29338,90.26547,-2.7455783,4.478658,134.36108
spring,20240520-3,T4.npz,24.466665,673,146.2823,90.27952,-2.7894654,0.5367301,122.4779
spring,20240520-3,T4.npz,24.5,674,145.66449,90.21674,-2.791147,18.629286,550.3916
spring,20240520-3,T4.npz,24.533333,675,145.66185,90.21939,-2.8013356,0.11217797,556.76337
spring,20240520-3,T4.npz,24.566666,676,144.48953,89.98124,-2.7995517,35.88821,1074.8024
spring,20240520-3,T4.npz,24.6,677,144.50137,89.96338,-2.7838554,0.64282846,1084.0206
spring,20240520-3,T4.npz,24.633333,678,144.52014,89.96797,-2.805824,0.5794362,21.140131
spring,20240520-3,T4.npz,24.666666,679,143.92012,90.06188,2.7574515,18.219954,562.6866
spring,20240520-3,T4.npz,24.7,680,143.92015,90.0586,2.744877,0.09837208,547.0827
spring,20240520-3,T4.npz,24.733334,681,143.91902,90.05859,2.7492855,0.033921514,3.124529
spring,20240520-3,T4.npz,24.766666,682,143.37769,89.875595,1.6777288,17.143167,513.3338
spring,20240520-3,T4.npz,24.8,683,143.37769,89.875595,1.6777288,0,514.2848
spring,20240520-3,T4.npz,24.833332,684,143.15768,89.65187,2.993377,9.413318,282.40237
spring,20240520-3,T4.npz,24.866667,685,143.15768,89.65187,2.993377,0,282.40237
spring,20240520-3,T4.npz,24.9,686,143.15388,89.631386,2.993377,0.6249067,18.746826
spring,20240520-3,T4.npz,24.933332,687,143.15388,89.631386,2.993377,0,18.747389
spring,20240520-3,T4.npz,24.966665,688,143.15388,89.631386,2.993377,0,0
spring,20240520-3,T4.npz,25,689,142.53221,88.79822,0.6711181,31.185888,935.558
spring,20240520-3,T4.npz,25.033333,690,142.53221,88.79822,0.6711181,0,935.586
