ID,Trial,Season,time,frame,x,y,ANGLE,speed,acceleration
summer,20200623-1,T2,0.0,0.0,190.94412,60.34113,0.65706474,0.0,0.0
summer,20200623-1,T2,0.033333,1.0,190.96945,60.366657,0.82881254,1.0785599,32.35712
summer,20200623-1,T2,0.066666,2.0,190.94656,60.385807,0.5201654,0.89501077,43.75055
summer,20200623-1,T2,0.1,3.0,190.95804,60.53105,0.9025349,4.3708315,117.61364
summer,20200623-1,T2,0.133333,4.0,190.96855,60.687813,1.2700943,4.713441,10.40377
summer,20200623-1,T2,0.166666,5.0,190.93135,60.73642,1.4972842,1.8363643,106.39622
summer,20200623-1,T2,0.2,6.0,190.79532,60.798588,1.8322707,4.4867654,89.769005
summer,20200623-1,T2,0.233333,7.0,190.62828,60.90531,1.9562849,5.946763,48.862167
summer,20200623-1,T2,0.266666,8.0,190.64459,60.948425,1.9664643,1.3829759,174.67552
summer,20200623-1,T2,0.3,9.0,190.6597,61.008816,1.8212984,1.8674599,15.586739
summer,20200623-1,T2,0.333333,10.0,190.6843,61.104927,1.8336668,2.9762995,33.267838
summer,20200623-1,T2,0.366666,11.0,190.85733,61.39298,1.7673253,10.080959,218.38226
summer,20200623-1,T2,0.4,12.0,190.96758,61.484417,1.8182745,4.2967887,185.76003
summer,20200623-1,T2,0.433333,13.0,191.10098,61.600025,1.6287409,5.2961335,30.139381
summer,20200623-1,T2,0.466666,14.0,190.9905,61.81767,1.6059096,7.322675,237.95966
summer,20200623-1,T2,0.5,15.0,191.05708,62.026623,1.2467526,6.5790963,159.56572
summer,20200623-1,T2,0.533333,16.0,191.19035,62.255352,-1.4913797,7.941865,62.604687
summer,20200623-1,T2,0.566666,17.0,191.24243,62.488304,0.99374294,7.16106,73.18427
summer,20200623-1,T2,0.6,18.0,191.27773,62.62645,0.8156837,4.277433,86.65274
summer,20200623-1,T2,0.633333,19.0,191.6053,62.73036,0.68113184,10.309823,264.8512
summer,20200623-1,T2,0.666666,20.0,191.77106,62.751297,-1.7926458,5.0122952,163.66428
summer,20200623-1,T2,0.7,21.0,192.08025,62.74343,-1.9110688,9.27845,131.65514
summer,20200623-1,T2,0.733333,22.0,192.21786,62.851665,-1.9441506,5.2527204,186.43742
summer,20200623-1,T2,0.766666,23.0,192.34875,62.91476,-2.3506825,4.358921,41.080933
summer,20200623-1,T2,0.8,24.0,192.37811,63.158863,-2.2301493,7.3757467,186.77092
summer,20200623-1,T2,0.833333,25.0,192.39009,63.297993,-2.195021,4.1892834,95.76199
summer,20200623-1,T2,0.866666,26.0,192.39801,63.410007,0.64975864,3.3689034,24.671669
summer,20200623-1,T2,0.9,27.0,192.59317,63.42867,-2.413003,5.8813033,188.29333
summer,20200623-1,T2,0.933333,28.0,192.46393,63.21225,-2.3629394,7.56225,360.56094
summer,20200623-1,T2,0.966666,29.0,192.5116,63.266457,-2.6418786,2.165688,290.9962
summer,20200623-1,T2,1.0,30.0,192.55295,63.24521,-2.4745374,1.3947515,68.14584
summer,20200623-1,T2,1.033333,31.0,192.57953,63.27387,0.27248916,1.1727291,46.843014
summer,20200623-1,T2,1.066666,32.0,192.70988,63.274082,-2.4344974,3.91054,96.83729
summer,20200623-1,T2,1.1,33.0,192.67099,63.284912,-2.5270984,1.2112464,152.61859
summer,20200623-1,T2,1.133333,34.0,192.64197,63.232155,-2.521405,1.806394,57.911076
summer,20200623-1,T2,1.166666,35.0,192.47763,63.188347,-2.4345865,5.1022463,122.04707
summer,20200623-1,T2,1.2,36.0,192.27377,63.069145,0.94673145,7.08434,76.60493
summer,20200623-1,T2,1.233333,37.0,192.18275,63.104828,0.9837366,2.9328516,172.46751
summer,20200623-1,T2,1.266666,38.0,192.10507,63.225105,1.1861572,4.2955475,77.07395
summer,20200623-1,T2,1.3,39.0,192.07097,63.3919,1.4967209,5.10728,57.36137
summer,20200623-1,T2,1.333333,40.0,191.97139,63.45749,-1.5553987,3.5770702,108.47766
summer,20200623-1,T2,1.366666,41.0,191.85295,63.603622,-1.5083185,5.643217,74.45344
summer,20200623-1,T2,1.4,42.0,191.77267,63.86544,-1.3863908,8.215346,109.628204
summer,20200623-1,T2,1.433333,43.0,191.62688,64.06951,2.0049744,7.5240827,78.595024
summer,20200623-1,T2,1.466666,44.0,191.37361,64.53528,-1.304538,15.9053955,254.62122
summer,20200623-1,T2,1.5,45.0,191.2371,64.79871,-1.2589446,8.900745,210.25627
summer,20200623-1,T2,1.533333,46.0,190.76822,65.45686,1.9228868,24.243093,464.44122
summer,20200623-1,T2,1.566666,47.0,190.56363,65.83796,2.00514,12.976435,344.61456
summer,20200623-1,T2,1.6,48.0,190.45242,66.21959,1.9580926,11.924563,84.05726
summer,20200623-1,T2,1.633333,49.0,190.4275,66.47866,1.8795862,7.8081384,134.87773
summer,20200623-1,T2,1.666666,50.0,190.36632,66.80969,1.9053509,10.099402,72.524254
summer,20200623-1,T2,1.7,51.0,190.35745,67.00365,-1.2576591,5.8245373,132.05656
summer,20200623-1,T2,1.733333,52.0,190.19435,67.29588,-1.2905755,10.040116,164.59856
summer,20200623-1,T2,1.766666,53.0,189.96037,67.73672,1.9896435,14.972563,148.17819
summer,20200623-1,T2,1.8,54.0,189.65132,68.09371,2.1020417,14.165478,101.29502
summer,20200623-1,T2,1.833333,55.0,189.42087,68.398026,-1.0764643,11.451967,85.15452
summer,20200623-1,T2,1.866666,56.0,189.06001,68.81059,-1.1709512,16.443413,152.52917
summer,20200623-1,T2,1.9,57.0,188.86491,68.95688,-1.0152521,7.315264,282.29266
summer,20200623-1,T2,1.933333,58.0,188.32281,69.58419,-0.96079,24.87293,533.8289
summer,20200623-1,T2,1.966666,59.0,187.7382,69.96446,2.4287968,20.922503,225.60185
summer,20200623-1,T2,2.0,60.0,187.2719,70.40786,-0.861921,19.303452,120.68218
summer,20200623-1,T2,2.033333,61.0,187.03967,70.570526,2.4917722,8.505938,328.95575
summer,20200623-1,T2,2.066666,62.0,186.60735,71.021835,2.5722578,18.749268,316.10495
summer,20200623-1,T2,2.1,63.0,186.35043,71.30228,-0.8065221,11.409623,220.4016
summer,20200623-1,T2,2.133333,64.0,185.93387,71.54168,-0.7799956,14.414022,148.3674
summer,20200623-1,T2,2.166666,65.0,185.34106,71.96468,-0.92032623,21.84779,229.05005
summer,20200623-1,T2,2.2,66.0,184.97162,72.09593,2.4376876,11.761669,330.70023
summer,20200623-1,T2,2.233333,67.0,184.72241,72.30378,-0.82149696,9.735261,128.3099
summer,20200623-1,T2,2.266666,68.0,184.36717,72.50872,-0.76020586,12.303848,95.48398
summer,20200623-1,T2,2.3,69.0,184.13684,72.758385,2.5978115,10.190376,119.42186
summer,20200623-1,T2,2.333333,70.0,183.83157,73.037094,-0.69985974,12.400781,72.33448
summer,20200623-1,T2,2.366666,71.0,183.28651,73.490326,-0.7224951,21.266438,266.92667
summer,20200623-1,T2,2.4,72.0,182.84784,73.77781,-0.9081221,15.734277,177.2609
summer,20200623-1,T2,2.433333,73.0,182.18945,74.36287,-0.92403185,26.423433,332.9213
summer,20200623-1,T2,2.466666,74.0,181.74472,74.85792,-0.8252803,19.964567,208.65634
summer,20200623-1,T2,2.5,75.0,181.40594,75.30876,-0.82390225,16.917831,103.3411
summer,20200623-1,T2,2.533333,76.0,180.95647,75.83012,-0.9125403,20.651203,118.15071
summer,20200623-1,T2,2.566666,77.0,180.12904,76.65258,2.2091446,34.999695,434.9006
summer,20200623-1,T2,2.6,78.0,179.69478,77.309906,2.1866453,23.634216,383.79285
summer,20200623-1,T2,2.633333,79.0,179.21124,78.11104,2.2083335,28.072897,136.8387
summer,20200623-1,T2,2.666666,80.0,178.95071,78.84143,2.0048544,23.26409,210.58156
summer,20200623-1,T2,2.7,81.0,178.57317,79.65719,1.8618159,26.966267,130.34482
summer,20200623-1,T2,2.733333,82.0,178.22517,80.20783,1.7295365,19.541798,240.06773
summer,20200623-1,T2,2.766666,83.0,177.97357,80.75485,-1.227526,18.063334,86.82049
summer,20200623-1,T2,2.8,84.0,177.81276,81.68945,1.9768343,28.449358,358.23196
summer,20200623-1,T2,2.833333,85.0,177.8371,82.23729,1.8266457,16.451616,385.89032
summer,20200623-1,T2,2.866666,86.0,177.70346,82.92109,1.6927409,20.902311,187.57988
summer,20200623-1,T2,2.9,87.0,177.4702,83.53059,1.7042661,19.577778,111.8552
summer,20200623-1,T2,2.933333,88.0,177.36574,84.10252,1.9084437,17.442183,120.72711
summer,20200623-1,T2,2.966666,89.0,177.18983,84.66638,-1.2470263,17.719818,64.69453
summer,20200623-1,T2,3.0,90.0,177.03165,85.31328,1.9833118,19.978354,76.402824
summer,20200623-1,T2,3.033333,91.0,176.79646,85.77972,-1.1841983,15.671252,176.57278
summer,20200623-1,T2,3.066666,92.0,176.47668,86.17188,-1.1538199,15.180727,101.31701
summer,20200623-1,T2,3.1,93.0,176.04749,86.70537,-1.0341283,20.540932,160.84053
summer,20200623-1,T2,3.133333,94.0,175.95209,86.60378,-1.0814749,4.1806774,645.7075
summer,20200623-1,T2,3.166666,95.0,175.84517,86.640236,-1.0896527,3.388648,124.66307
summer,20200623-1,T2,3.2,96.0,175.8317,86.68414,-1.0935501,1.3779176,84.36333
summer,20200623-1,T2,3.233333,97.0,175.83533,86.937294,-1.0833421,7.5953665,188.94778
summer,20200623-1,T2,3.266666,98.0,175.88503,86.97627,-0.997414,1.8946412,197.16931
summer,20200623-1,T2,3.3,99.0,175.94775,87.271904,-0.9712883,9.066395,231.28392
summer,20200623-1,T2,3.333333,100.0,175.87384,87.528755,2.158241,8.018305,127.833176
summer,20200623-1,T2,3.366666,101.0,175.74133,87.814545,-0.97311854,9.450514,58.817764
summer,20200623-1,T2,3.4,102.0,175.76938,88.11681,1.9556181,9.106719,145.26242
summer,20200623-1,T2,3.433333,103.0,175.78558,88.6624,1.8103015,16.375044,219.26373
summer,20200623-1,T2,3.466666,104.0,175.77399,88.98341,1.7026635,9.636886,203.66394
summer,20200623-1,T2,3.5,105.0,175.57791,89.61559,-1.4102205,19.856054,325.53033
summer,20200623-1,T2,3.533333,106.0,175.50485,89.90249,1.5746667,8.881829,329.86505
summer,20200623-1,T2,3.566666,107.0,175.39134,90.34675,-1.3613514,13.755865,146.22273
summer,20200623-1,T2,3.6,108.0,175.28734,90.61973,-1.3931603,8.763665,154.38762
summer,20200623-1,T2,3.633333,109.0,175.31656,91.26671,-1.2649196,19.429304,357.3328
summer,20200623-1,T2,3.666666,110.0,175.22656,91.96646,-1.2541939,21.165693,117.34761
summer,20200623-1,T2,3.7,111.0,175.11388,92.33856,-1.2307225,11.663468,295.59833
summer,20200623-1,T2,3.733333,112.0,174.96494,92.96926,-1.3722748,19.44175,235.03369
summer,20200623-1,T2,3.766666,113.0,174.74104,93.795616,-1.4541436,25.684765,188.57077
summer,20200623-1,T2,3.8,114.0,174.56625,94.38645,-1.3154509,18.483873,216.5464
summer,20200623-1,T2,3.833333,115.0,174.71466,94.99509,1.7427989,18.794216,291.31522
summer,20200623-1,T2,3.866666,116.0,174.84306,95.96551,1.6469406,29.366627,326.10825
summer,20200623-1,T2,3.9,117.0,174.86115,96.60431,1.4562742,19.171343,314.5556
summer,20200623-1,T2,3.933333,118.0,174.99292,97.30859,1.3849937,21.49555,118.103
summer,20200623-1,T2,3.966666,119.0,175.16621,98.0975,-1.540924,24.231703,84.831894
summer,20200623-1,T2,4.0,120.0,175.26279,98.77718,1.3668138,20.594942,120.14537
summer,20200623-1,T2,4.033333,121.0,175.47823,99.402084,1.3733575,19.830153,117.8049
summer,20200623-1,T2,4.066666,122.0,175.42696,99.723946,1.5709375,9.777689,363.33755
summer,20200623-1,T2,4.1,123.0,175.17216,100.03954,-1.8067397,12.168215,183.25346
summer,20200623-1,T2,4.133333,124.0,174.84306,100.24521,1.914254,11.642193,119.4104
summer,20200623-1,T2,4.166666,125.0,174.46541,100.34074,-1.2336916,11.686648,108.33296
summer,20200623-1,T2,4.2,126.0,174.25499,100.687874,-1.1888759,12.177863,271.89468
summer,20200623-1,T2,4.233333,127.0,174.07294,101.116745,-1.0938494,13.9775,77.88032
summer,20200623-1,T2,4.266666,128.0,173.7856,101.94221,-1.0191605,26.221422,369.2973
summer,20200623-1,T2,4.3,129.0,173.59682,102.467674,-1.1512594,16.750078,284.20297
summer,20200623-1,T2,4.333333,130.0,173.445,103.00729,-1.1861305,16.817238,35.617413
summer,20200623-1,T2,4.366666,131.0,173.48601,103.558105,1.7009174,16.57034,173.83891
summer,20200623-1,T2,4.4,132.0,173.50388,104.20018,1.599465,19.269234,84.71366
summer,20200623-1,T2,4.433333,133.0,173.71402,104.87629,1.5352944,21.240702,175.74803
summer,20200623-1,T2,4.466666,134.0,173.85931,105.50634,1.3992149,19.397923,71.59038
summer,20200623-1,T2,4.5,135.0,173.85803,106.05618,-1.6759543,16.494818,150.38731
summer,20200623-1,T2,4.533333,136.0,173.82611,106.457146,1.287157,12.067253,136.77644
summer,20200623-1,T2,4.566666,137.0,173.71954,106.706856,-1.7454586,8.1449995,151.81358
summer,20200623-1,T2,4.6,138.0,173.72198,106.78534,1.1985886,2.355556,182.68246
summer,20200623-1,T2,4.633333,139.0,173.78735,106.91163,-1.8096445,4.2662044,71.12951
summer,20200623-1,T2,4.666666,140.0,173.81613,107.0203,1.3353057,3.372531,36.555763
summer,20200623-1,T2,4.7,141.0,173.78448,107.281685,-1.7783878,7.898538,147.79791
summer,20200623-1,T2,4.733333,142.0,173.89075,107.642586,1.4958415,11.286936,153.08112
summer,20200623-1,T2,4.766666,143.0,173.93729,108.102806,-1.6114951,13.876962,104.303406
summer,20200623-1,T2,4.8,144.0,173.89732,108.3337,-1.4427894,7.029867,220.57773
summer,20200623-1,T2,4.833333,145.0,173.91205,108.55422,-1.4530649,6.6303897,50.09344
summer,20200623-1,T2,4.866666,146.0,173.66312,109.12191,-1.4437283,18.59629,392.35156
summer,20200623-1,T2,4.9,147.0,173.3627,109.6437,-1.2680376,18.062323,62.073433
summer,20200623-1,T2,4.933333,148.0,173.18925,110.101295,-1.2316664,14.681113,128.02559
summer,20200623-1,T2,4.966666,149.0,173.20023,110.775536,-1.1493027,20.230112,256.07678
summer,20200623-1,T2,5.0,150.0,173.14995,111.37516,-1.1209472,18.051493,86.90584
summer,20200623-1,T2,5.033333,151.0,173.05829,112.29332,-1.2587633,27.68198,289.1124
summer,20200623-1,T2,5.066666,152.0,172.98753,112.830025,-1.5492088,16.240517,343.83444
summer,20200623-1,T2,5.1,153.0,172.97083,113.5652,-1.6102936,22.060528,185.10931
summer,20200623-1,T2,5.133333,154.0,173.17903,114.11145,-1.5517828,17.537807,264.3517
summer,20200623-1,T2,5.166666,155.0,173.7068,114.79495,-1.5240782,25.906708,313.01608
summer,20200623-1,T2,5.2,156.0,173.90974,115.20454,1.2820613,13.712917,382.41718
summer,20200623-1,T2,5.233333,157.0,174.16692,115.813934,-2.0728555,19.843218,186.34848
summer,20200623-1,T2,5.266666,158.0,174.36012,116.01342,-2.0493262,8.331743,373.38278
summer,20200623-1,T2,5.3,159.0,174.40013,116.28584,-2.3577564,8.260064,152.70885
summer,20200623-1,T2,5.333333,160.0,174.34277,116.22935,-2.1921751,2.4153986,308.7229
summer,20200623-1,T2,5.366666,161.0,174.25583,116.209045,-2.2466474,2.67859,42.07709
summer,20200623-1,T2,5.4,162.0,174.16232,116.03932,-2.1951349,5.81315,134.60385
summer,20200623-1,T2,5.433333,163.0,174.20569,116.07898,0.90924186,1.7628704,225.13141
summer,20200623-1,T2,5.466666,164.0,174.05492,116.002426,1.0173566,5.072817,203.63423
summer,20200623-1,T2,5.5,165.0,174.11238,116.01277,-1.8705738,1.751775,203.07721
summer,20200623-1,T2,5.533333,166.0,174.21213,115.82005,-2.126799,6.5102544,186.68904
summer,20200623-1,T2,5.566666,167.0,174.12276,115.813576,1.5704291,2.6882207,238.89201
summer,20200623-1,T2,5.6,168.0,174.10542,115.824875,-1.5014846,0.6208749,66.77806
summer,20200623-1,T2,5.633333,169.0,173.8442,116.12943,-1.2393762,12.037435,343.28598
summer,20200623-1,T2,5.666666,170.0,173.68263,116.28229,-1.2989898,6.6721697,163.37093
summer,20200623-1,T2,5.7,171.0,173.75432,116.47639,-1.0157895,6.20702,213.15292
summer,20200623-1,T2,5.733333,172.0,173.59013,117.05101,-0.9663938,17.928835,402.93997
summer,20200623-1,T2,5.766666,173.0,173.33557,117.537224,-0.9592341,16.464806,113.801025
summer,20200623-1,T2,5.8,174.0,173.09131,118.13646,-1.0569383,19.413042,102.13103
summer,20200623-1,T2,5.833333,175.0,172.79951,118.59656,1.9730542,16.344797,132.31941
summer,20200623-1,T2,5.866666,176.0,172.60852,119.19397,2.079825,18.816124,153.30489
summer,20200623-1,T2,5.9,177.0,172.51555,119.902916,2.148345,21.45001,133.62572
summer,20200623-1,T2,5.933333,178.0,172.47432,120.55581,-1.041938,19.625952,68.641174
summer,20200623-1,T2,5.966666,179.0,172.40143,120.96554,-1.101865,12.485087,220.69667
summer,20200623-1,T2,6.0,180.0,172.2201,121.35194,-1.0333259,12.80472,99.81587
summer,20200623-1,T2,6.033333,181.0,172.02705,121.80133,-0.9496781,14.673245,57.678074
summer,20200623-1,T2,6.066666,182.0,171.75182,122.22393,2.1332915,15.12976,77.80658
summer,20200623-1,T2,6.1,183.0,171.43822,122.73554,-1.0035964,18.001953,87.224754
summer,20200623-1,T2,6.133333,184.0,171.15193,123.320564,-1.0013099,19.539658,70.509224
summer,20200623-1,T2,6.166666,185.0,171.03157,123.853676,-0.9539952,16.396072,156.46497
summer,20200623-1,T2,6.2,186.0,170.88316,124.27799,-0.9410434,13.48527,101.12572
summer,20200623-1,T2,6.233333,187.0,170.7108,124.83984,-1.1517428,17.631065,125.66328
summer,20200623-1,T2,6.266666,188.0,170.48291,125.40084,-1.1987865,18.165792,49.98294
summer,20200623-1,T2,6.3,189.0,170.46228,125.73618,1.9022015,10.079052,275.75635
summer,20200623-1,T2,6.333333,190.0,170.5903,126.18173,-1.3074645,13.907455,166.56532
summer,20200623-1,T2,6.366666,191.0,170.73724,126.73049,1.7474047,17.043043,94.44362
summer,20200623-1,T2,6.4,192.0,170.71147,126.92174,-1.2839867,5.7891,357.3438
summer,20200623-1,T2,6.433333,193.0,170.79382,127.26409,1.6726905,10.563543,167.22751
summer,20200623-1,T2,6.466666,194.0,170.8093,127.41081,-1.3516022,4.42617,186.07022
summer,20200623-1,T2,6.5,195.0,170.72,127.7586,-1.4659206,10.771809,204.03844
summer,20200623-1,T2,6.533333,196.0,170.69247,127.727005,-1.4328065,1.2571095,345.94034
summer,20200623-1,T2,6.566666,197.0,170.73297,127.769226,-1.4815617,1.7550403,90.34015
summer,20200623-1,T2,6.6,198.0,170.65143,127.878525,-1.5323784,4.0909543,125.32939
summer,20200623-1,T2,6.633333,199.0,170.56714,128.02469,-1.3762363,5.06192,33.27874
summer,20200623-1,T2,6.666666,200.0,170.57947,128.17255,-1.3618523,4.451183,86.969696
summer,20200623-1,T2,6.7,201.0,170.58864,128.36697,-1.3719125,5.839251,42.00504
summer,20200623-1,T2,6.733333,202.0,170.67622,128.8268,-1.3614295,14.042866,249.07341
summer,20200623-1,T2,6.766666,203.0,170.84186,129.36893,1.5197341,17.006226,102.08533
summer,20200623-1,T2,6.8,204.0,171.15353,129.80017,1.3413174,15.962028,165.03522
summer,20200623-1,T2,6.833333,205.0,171.34683,130.3218,1.3112779,16.688826,134.05199
summer,20200623-1,T2,6.866666,206.0,171.38321,130.73851,1.1238517,12.548958,169.88797
summer,20200623-1,T2,6.9,207.0,171.44847,131.15408,1.2329191,12.620028,26.013058
summer,20200623-1,T2,6.933333,208.0,171.48584,131.26016,1.2136112,3.373846,279.68698
summer,20200623-1,T2,6.966666,209.0,171.51991,131.25235,1.265099,1.0483749,102.53232
summer,20200623-1,T2,7.0,210.0,171.55643,131.35025,1.3173524,3.1345973,95.158226
summer,20200623-1,T2,7.033333,211.0,171.56676,131.43173,1.4209343,2.4641643,27.817045
summer,20200623-1,T2,7.066666,212.0,171.58775,131.50258,1.4539821,2.2168071,13.562107
summer,20200623-1,T2,7.1,213.0,171.61183,131.47128,1.4306765,1.1845279,91.96558
summer,20200623-1,T2,7.133333,214.0,171.70323,131.64241,1.3515491,5.8202577,191.99135
summer,20200623-1,T2,7.166666,215.0,171.69235,131.76945,-1.7891214,3.825428,100.23764
summer,20200623-1,T2,7.2,216.0,171.98862,132.26373,-1.6759393,17.287407,430.8393
summer,20200623-1,T2,7.233333,217.0,172.23836,132.62506,-1.725136,13.177284,126.74375
summer,20200623-1,T2,7.266666,218.0,172.2438,132.85283,-1.6280499,6.834944,250.58305
summer,20200623-1,T2,7.3,219.0,172.18289,133.38297,-1.6229268,16.008219,278.58826
summer,20200623-1,T2,7.333333,220.0,172.11188,134.05042,-1.8321247,20.136974,123.94644
summer,20200623-1,T2,7.366666,221.0,172.08754,134.84338,-1.6556811,23.800634,120.52816
summer,20200623-1,T2,7.4,222.0,172.08926,135.46854,-1.4215983,18.75421,152.86467
summer,20200623-1,T2,7.433333,223.0,172.04898,136.12054,1.643606,19.597464,44.869705
summer,20200623-1,T2,7.466666,224.0,171.98895,136.79816,-1.4779863,20.408215,29.115852
summer,20200623-1,T2,7.5,225.0,171.70547,137.737,-1.4911968,29.420685,309.35547
summer,20200623-1,T2,7.533333,226.0,171.58208,138.67316,-1.4489033,28.32777,144.09941
summer,20200623-1,T2,7.566666,227.0,171.53204,139.6371,-1.618314,28.957458,70.595
summer,20200623-1,T2,7.6,228.0,171.39655,140.11247,1.9546071,14.8292055,446.38586
summer,20200623-1,T2,7.633333,229.0,171.26497,140.51688,2.2603722,12.758098,63.974
summer,20200623-1,T2,7.666666,230.0,171.03099,140.3668,2.5562842,8.339001,507.46152
summer,20200623-1,T2,7.7,231.0,171.02234,140.12572,2.8103225,7.237356,218.7107
summer,20200623-1,T2,7.733333,232.0,170.9747,139.91512,2.7675729,6.477617,44.5356
summer,20200623-1,T2,7.766666,233.0,171.02135,139.75519,2.7482748,4.9975796,96.32726
summer,20200623-1,T2,7.8,234.0,171.0218,139.63997,-1.326868,3.4565523,57.851196
summer,20200623-1,T2,7.833333,235.0,171.01254,139.53384,-1.3296207,3.1960135,11.973392
summer,20200623-1,T2,7.866666,236.0,170.9545,139.49225,0.76996225,2.1422684,72.815765
summer,20200623-1,T2,7.9,237.0,170.94211,139.55807,3.0011787,2.0093758,105.03896
summer,20200623-1,T2,7.933333,238.0,170.9966,139.49341,-1.3633231,2.5370376,131.97247
summer,20200623-1,T2,7.966666,239.0,170.98546,139.61243,0.80271953,3.586299,175.56013
summer,20200623-1,T2,8.0,240.0,171.06085,139.73338,2.7457361,4.2756424,77.90241
summer,20200623-1,T2,8.033333,241.0,171.20592,140.01324,2.167172,9.45685,156.17126
summer,20200623-1,T2,8.066666,242.0,171.47586,140.5228,1.9403056,17.299475,235.3064
summer,20200623-1,T2,8.1,243.0,171.74872,140.86795,1.7174835,13.198873,148.00165
summer,20200623-1,T2,8.133333,244.0,171.86772,141.44275,1.367127,17.609896,248.79391
summer,20200623-1,T2,8.166666,245.0,171.96994,141.82535,1.115996,11.880709,173.64206
summer,20200623-1,T2,8.2,246.0,172.13695,142.45558,1.0085772,19.559261,230.35384
summer,20200623-1,T2,8.233333,247.0,172.38115,142.89975,-2.0061665,15.206222,181.2856
summer,20200623-1,T2,8.266666,248.0,172.9269,143.49251,-1.9165131,24.172222,302.56387
summer,20200623-1,T2,8.3,249.0,173.12766,143.87923,-1.8259706,13.071371,361.65765
summer,20200623-1,T2,8.333333,250.0,173.44214,144.5488,-2.1426303,22.192717,274.39502
summer,20200623-1,T2,8.366666,251.0,173.52982,145.01376,-2.2569425,14.19489,274.92108
summer,20200623-1,T2,8.4,252.0,173.8509,145.60681,1.1285073,20.2311,239.59007
summer,20200623-1,T2,8.433333,253.0,174.23691,146.2843,-1.9788332,23.392836,95.90068
summer,20200623-1,T2,8.466666,254.0,174.39107,146.73557,1.1216675,14.305906,291.56708
summer,20200623-1,T2,8.5,255.0,174.4981,147.09624,1.1931272,11.28614,91.90808
summer,20200623-1,T2,8.533333,256.0,174.49014,147.71936,-1.7954334,18.69567,257.90793
summer,20200623-1,T2,8.566666,257.0,174.57025,148.14569,-1.666452,13.0139265,194.04605
summer,20200623-1,T2,8.6,258.0,174.5562,148.59622,-1.4188775,13.521957,87.50489
summer,20200623-1,T2,8.633333,259.0,174.6823,148.7145,-1.4064851,5.1868124,324.54425
summer,20200623-1,T2,8.666666,260.0,174.75288,148.88214,-1.3780957,5.4571223,66.87952
summer,20200623-1,T2,8.7,261.0,174.74686,148.9729,-1.4139547,2.7288723,97.68177
summer,20200623-1,T2,8.733333,262.0,174.71138,149.66641,-1.2290772,20.832708,543.1313
summer,20200623-1,T2,8.766666,263.0,174.57178,150.39201,-1.2692566,22.167414,98.05196
summer,20200623-1,T2,8.8,264.0,174.48967,151.4731,1.5715609,32.52533,324.06128
summer,20200623-1,T2,8.833333,265.0,174.2867,152.41084,2.0118585,28.784159,168.71904
summer,20200623-1,T2,8.866666,266.0,174.17345,153.11806,-1.302583,21.486982,222.64252
summer,20200623-1,T2,8.9,267.0,173.94283,153.7421,-1.2850847,19.958382,129.4786
summer,20200623-1,T2,8.933333,268.0,173.5435,154.26634,-1.2101316,19.770554,176.40474
summer,20200623-1,T2,8.966666,269.0,173.01628,154.82042,-0.9709997,22.9449,118.1942
summer,20200623-1,T2,9.0,270.0,172.58562,155.15054,-1.0151262,16.278767,219.49734
summer,20200623-1,T2,9.033333,271.0,172.28813,155.60097,-0.8462131,16.1941,161.52655
summer,20200623-1,T2,9.066666,272.0,171.6173,156.08398,-0.6441552,24.799393,337.30276
summer,20200623-1,T2,9.1,273.0,171.2588,156.35498,-0.6333706,13.481485,339.76984
summer,20200623-1,T2,9.133333,274.0,170.6522,156.85576,-0.7718242,23.598135,304.3669
summer,20200623-1,T2,9.166666,275.0,170.37805,157.23563,-0.79504675,14.054004,318.377
summer,20200623-1,T2,9.2,276.0,170.00957,157.83734,-0.8098872,21.167326,216.95703
summer,20200623-1,T2,9.233333,277.0,169.70996,158.42117,-0.861134,19.686546,64.04807
summer,20200623-1,T2,9.266666,278.0,169.48143,158.92403,-0.91141725,16.570303,96.97257
summer,20200623-1,T2,9.3,279.0,169.0916,159.5526,-1.0658952,22.188929,184.04266
summer,20200623-1,T2,9.333333,280.0,168.8511,160.38776,-1.0828347,26.073105,229.42207
summer,20200623-1,T2,9.366666,281.0,168.71199,160.93916,1.9893135,17.06076,271.19058
summer,20200623-1,T2,9.4,282.0,168.64168,161.41331,-1.2643621,14.379697,93.11711
summer,20200623-1,T2,9.433333,283.0,168.41089,162.10358,-1.18009,21.83508,242.28108
summer,20200623-1,T2,9.466666,284.0,168.11256,162.76105,-1.3096355,21.659597,67.584694
summer,20200623-1,T2,9.5,285.0,167.91118,163.55516,-1.2328563,24.577093,150.77913
summer,20200623-1,T2,9.533333,286.0,167.92572,164.18394,1.8505477,18.86911,244.73442
summer,20200623-1,T2,9.566666,287.0,167.86847,164.97095,-1.3669379,23.672518,156.35597
summer,20200623-1,T2,9.6,288.0,167.83144,165.3984,-1.4430445,12.871542,324.10342
summer,20200623-1,T2,9.633333,289.0,167.6993,166.10504,-1.6228608,21.566744,265.4542
summer,20200623-1,T2,9.666666,290.0,167.71812,166.50607,-1.5846189,12.044323,306.77548
summer,20200623-1,T2,9.7,291.0,167.73512,166.63718,-1.4565591,3.965905,242.94455
summer,20200623-1,T2,9.733333,292.0,167.88974,166.81976,-1.7276373,7.17796,132.23969
summer,20200623-1,T2,9.766666,293.0,167.96623,166.98071,1.5052933,5.345638,72.97619
summer,20200623-1,T2,9.8,294.0,168.07265,166.87259,-1.8481394,4.551193,243.63908
summer,20200623-1,T2,9.833333,295.0,168.04825,166.89003,-1.6425195,0.9000684,163.20369
summer,20200623-1,T2,9.866666,296.0,168.22626,167.09335,-1.8216246,8.1068325,247.32939
summer,20200623-1,T2,9.9,297.0,168.27548,167.01465,1.5522051,2.7847507,279.01804
summer,20200623-1,T2,9.933333,298.0,168.24026,166.9635,-1.6722922,1.8627887,79.92874
summer,20200623-1,T2,9.966666,299.0,168.15623,166.90575,1.4913753,3.059045,44.349888
summer,20200623-1,T2,10.0,300.0,167.8871,166.82057,-1.5134311,8.468553,168.39668
summer,20200623-1,T2,10.033333,301.0,167.73106,166.86823,-1.2576255,4.894759,157.00894
summer,20200623-1,T2,10.066666,302.0,167.47424,167.03404,-1.2196368,9.171094,139.77356
summer,20200623-1,T2,10.1,303.0,167.46935,166.9345,-1.2003121,2.9902859,329.31396
summer,20200623-1,T2,10.133333,304.0,167.13295,167.21759,-1.058939,13.19029,455.66232
summer,20200623-1,T2,10.166666,305.0,167.10039,167.13025,-1.0787249,2.7963247,431.2063
summer,20200623-1,T2,10.2,306.0,166.95786,167.09264,-0.9947756,4.422444,108.62295
summer,20200623-1,T2,10.233333,307.0,166.72429,167.01204,-0.79765195,7.4122663,90.59948
summer,20200623-1,T2,10.266666,308.0,166.65674,167.03003,-0.8343854,2.0975013,173.76656
summer,20200623-1,T2,10.3,309.0,166.84421,166.8495,2.342863,7.807746,290.86398
summer,20200623-1,T2,10.333333,310.0,166.98077,166.80571,2.30991,4.3023987,131.31068
summer,20200623-1,T2,10.366666,311.0,167.34529,166.5865,-0.86108166,12.7605715,258.87247
summer,20200623-1,T2,10.4,312.0,167.53375,166.51558,1.5492616,6.0412555,207.15219
summer,20200623-1,T2,10.433333,313.0,167.66623,166.9238,-1.4522418,12.875593,434.18164
summer,20200623-1,T2,10.466666,314.0,168.02577,167.39946,-1.7426599,17.888227,213.20749
summer,20200623-1,T2,10.5,315.0,168.1709,167.4917,-2.0159392,5.1584287,395.38608
summer,20200623-1,T2,10.533333,316.0,168.47815,167.55107,-1.8842123,9.387983,148.89035
summer,20200623-1,T2,10.566666,317.0,168.89247,167.92873,-2.1801686,16.818768,302.24792
summer,20200623-1,T2,10.6,318.0,169.18227,168.08405,-2.1818798,9.863412,229.36264
summer,20200623-1,T2,10.633333,319.0,169.46477,168.29503,1.0217205,10.578227,50.533012
summer,20200623-1,T2,10.666666,320.0,169.60272,168.19926,-2.3243043,5.038216,305.21085
summer,20200623-1,T2,10.7,321.0,169.87784,168.33731,-2.2847407,9.233909,243.96071
summer,20200623-1,T2,10.733333,322.0,170.12733,168.53928,-2.2153008,9.62995,61.972733
summer,20200623-1,T2,10.766666,323.0,170.26434,168.54285,-2.3804731,4.11189,205.26146
summer,20200623-1,T2,10.8,324.0,170.40814,168.68477,0.5540799,6.0610065,124.66865
summer,20200623-1,T2,10.833333,325.0,170.3734,168.69221,0.7166991,1.0657425,201.15652
summer,20200623-1,T2,10.866666,326.0,170.18275,168.27954,-2.471275,13.637657,403.31558
summer,20200623-1,T2,10.9,327.0,170.06757,168.17664,-2.3852947,4.633724,286.94394
summer,20200623-1,T2,10.933333,328.0,169.96005,168.04071,0.67427295,5.1989584,30.508911
summer,20200623-1,T2,10.966666,329.0,169.81502,168.10152,1.0765544,4.7181587,180.24725
summer,20200623-1,T2,11.0,330.0,169.64378,168.22554,-1.2104032,6.3426037,61.575123
summer,20200623-1,T2,11.033333,331.0,169.38327,168.09477,-1.7060963,8.744651,242.9669
summer,20200623-1,T2,11.066666,332.0,169.27257,168.0219,1.7078326,3.9761045,144.54701
summer,20200623-1,T2,11.1,333.0,169.19101,167.9506,2.053645,3.2496834,26.26153
summer,20200623-1,T2,11.133333,334.0,169.17296,168.03923,-1.3306926,2.7132776,154.85077
summer,20200623-1,T2,11.166666,335.0,169.13513,168.04071,-1.1370088,1.1354052,80.41422
summer,20200623-1,T2,11.2,336.0,169.05482,167.90125,1.3373702,4.828179,132.4965
summer,20200623-1,T2,11.233333,337.0,169.03127,167.94269,1.2930015,1.4303275,170.6486
summer,20200623-1,T2,11.266666,338.0,168.88338,167.73215,1.8744937,7.7188425,252.899
summer,20200623-1,T2,11.3,339.0,168.97055,167.61702,1.2200446,4.331967,228.3024
summer,20200623-1,T2,11.333333,340.0,168.88696,167.44424,1.0569205,5.7577586,162.19603
summer,20200623-1,T2,11.366666,341.0,168.89728,167.55144,-0.86985385,3.2306721,265.7628
summer,20200623-1,T2,11.4,342.0,168.95139,167.66963,1.1537024,3.89956,40.63633
summer,20200623-1,T2,11.433333,343.0,168.99474,167.55678,1.4868095,3.626998,208.1707
summer,20200623-1,T2,11.466666,344.0,168.86322,167.72014,1.4182969,6.29192,294.23953
summer,20200623-1,T2,11.5,345.0,168.7004,167.78549,1.8453901,5.2631917,92.594345
summer,20200623-1,T2,11.533333,346.0,168.34586,167.88522,-0.43899643,11.049292,175.31706
summer,20200623-1,T2,11.566666,347.0,167.86423,168.19331,-1.2460494,17.152328,219.6565
summer,20200623-1,T2,11.6,348.0,167.5454,168.331,-0.87479657,10.418203,212.12222
summer,20200623-1,T2,11.633333,349.0,166.97688,168.38475,-0.5896075,17.131577,237.07854
summer,20200623-1,T2,11.666666,350.0,166.53296,168.3232,2.871541,13.44557,152.7819
summer,20200623-1,T2,11.7,351.0,165.85422,168.41985,2.9300187,20.56716,254.79486
summer,20200623-1,T2,11.733333,352.0,165.52539,168.35834,3.005205,10.035904,345.58588
summer,20200623-1,T2,11.766666,353.0,164.8911,168.30588,3.0302613,19.093805,275.0435
summer,20200623-1,T2,11.8,354.0,164.35873,168.17482,0.08317231,16.447506,115.8406
summer,20200623-1,T2,11.833333,355.0,163.6015,168.12257,0.0070831385,22.77134,214.4688
summer,20200623-1,T2,11.866666,356.0,162.9574,167.83282,0.09630808,21.188377,236.77872
summer,20200623-1,T2,11.9,357.0,163.015,167.75409,0.09766044,2.9264266,659.45544
summer,20200623-1,T2,11.933333,358.0,163.15422,167.8456,-0.052553896,4.997983,169.9141
summer,20200623-1,T2,11.966666,359.0,163.39626,167.75835,-0.10912036,7.7184076,185.58667
summer,20200623-1,T2,12.0,360.0,163.58563,167.62315,-0.052090373,6.9806,64.09568
summer,20200623-1,T2,12.033333,361.0,163.72519,167.76213,0.15215573,5.908724,250.81137
summer,20200623-1,T2,12.066666,362.0,164.01222,167.62183,-3.073481,9.58471,284.2585
summer,20200623-1,T2,12.1,363.0,164.09085,167.76521,-0.35389137,4.90587,316.79596
summer,20200623-1,T2,12.133333,364.0,164.22235,167.73836,2.778076,4.02629,160.43735
summer,20200623-1,T2,12.166666,365.0,164.26004,167.79114,2.5959232,1.945992,110.755066
summer,20200623-1,T2,12.2,366.0,164.34087,167.55035,-0.24710192,7.61945,267.04315
summer,20200623-1,T2,12.233333,367.0,164.37529,167.51688,-0.2481173,1.4406393,191.18369
summer,20200623-1,T2,12.266666,368.0,164.4176,167.41423,-0.10840553,3.3305664,62.645817
summer,20200623-1,T2,12.3,369.0,164.55814,167.14764,3.1366467,9.040974,172.00797
summer,20200623-1,T2,12.333333,370.0,164.66089,167.31238,0.26420018,5.824768,389.69208
summer,20200623-1,T2,12.366666,371.0,164.89287,167.32393,1.5991933,6.968344,180.38788
summer,20200623-1,T2,12.4,372.0,164.97449,167.25513,1.363631,3.2021408,153.44482
summer,20200623-1,T2,12.433333,373.0,165.26941,167.27657,2.6743257,8.870977,208.45166
summer,20200623-1,T2,12.466666,374.0,165.29875,167.37093,2.0396442,2.9647205,247.86243
summer,20200623-1,T2,12.5,375.0,165.59097,167.64548,-1.2723372,12.028356,286.80405
summer,20200623-1,T2,12.533333,376.0,165.86914,167.78108,-2.1901104,9.284185,125.67642
summer,20200623-1,T2,12.566666,377.0,166.01648,167.82497,1.5035375,4.6122246,143.80626
summer,20200623-1,T2,12.6,378.0,166.0428,168.0648,1.3732927,7.237868,207.265
summer,20200623-1,T2,12.633333,379.0,166.17747,167.84659,1.4043585,7.6925235,423.6079
summer,20200623-1,T2,12.666666,380.0,166.11987,167.93973,-1.5477196,3.2849665,329.328
summer,20200623-1,T2,12.7,381.0,166.19003,168.16003,1.5686176,6.9363856,162.23724
summer,20200623-1,T2,12.733333,382.0,166.24155,167.9928,1.5540955,5.2499332,349.20895
summer,20200623-1,T2,12.766666,383.0,166.29924,167.99367,1.3511052,1.7313305,151.41391
summer,20200623-1,T2,12.8,384.0,166.61745,168.17314,-1.8556957,10.959605,284.24695
summer,20200623-1,T2,12.833333,385.0,166.82759,168.27815,-2.320389,7.047647,118.10326
summer,20200623-1,T2,12.866666,386.0,167.4546,168.7315,-2.4609146,23.212435,488.93884
summer,20200623-1,T2,12.9,387.0,167.9576,169.07123,0.528981,18.20864,151.40076
summer,20200623-1,T2,12.933333,388.0,168.86829,169.40616,0.14819019,29.110245,366.9879
summer,20200623-1,T2,12.966666,389.0,169.7,169.36562,-3.0534732,24.981285,345.32187
summer,20200623-1,T2,13.0,390.0,170.38881,169.6674,3.0428796,22.56031,333.8557
summer,20200623-1,T2,13.033333,391.0,171.00111,169.79764,0.24705122,18.78018,169.05318
summer,20200623-1,T2,13.066666,392.0,171.25261,169.81703,0.015054206,7.567014,339.71768
summer,20200623-1,T2,13.1,393.0,171.95125,169.90341,-0.227545,21.118427,406.90872
summer,20200623-1,T2,13.133333,394.0,172.14209,169.73729,2.4981375,7.5907044,510.40283
summer,20200623-1,T2,13.166666,395.0,172.28429,169.7094,2.34156,4.3475623,131.90158
summer,20200623-1,T2,13.2,396.0,172.56387,169.31198,-0.6178456,14.577007,354.80374
summer,20200623-1,T2,13.233333,397.0,172.80705,168.81705,-0.7791468,16.543783,93.69798
summer,20200623-1,T2,13.266666,398.0,172.94879,168.3888,-0.8471078,13.53323,109.25491
summer,20200623-1,T2,13.3,399.0,173.14613,168.0533,2.3422687,11.676396,97.33806
summer,20200623-1,T2,13.333333,400.0,173.47206,167.62727,-0.7804998,16.092087,141.55283
summer,20200623-1,T2,13.366666,401.0,173.52225,167.52473,-0.74607575,3.4251785,382.55002
summer,20200623-1,T2,13.4,402.0,173.39014,167.69191,2.2672338,6.39239,292.99695
summer,20200623-1,T2,13.433333,403.0,173.28323,167.75919,2.3385508,3.789224,92.729645
summer,20200623-1,T2,13.466666,404.0,173.11842,167.85995,2.147729,5.795444,60.215042
summer,20200623-1,T2,13.5,405.0,173.00926,167.72935,2.308022,5.106064,214.16461
summer,20200623-1,T2,13.533333,406.0,172.7555,167.8116,-1.3601531,8.002906,231.59303
summer,20200623-1,T2,13.566666,407.0,172.32329,167.46597,1.3085709,16.602339,417.22284
summer,20200623-1,T2,13.6,408.0,171.76959,167.43576,-2.2517688,16.635183,304.17874
summer,20200623-1,T2,13.633333,409.0,171.26259,167.21642,-2.4248817,16.572733,175.33038
summer,20200623-1,T2,13.666666,410.0,170.82321,167.111,0.57207584,13.555697,119.234505
summer,20200623-1,T2,13.7,411.0,170.44806,166.93945,0.22147694,12.375177,82.965805
summer,20200623-1,T2,13.733333,412.0,169.82736,167.18544,-3.102219,20.029997,435.95538
summer,20200623-1,T2,13.766666,413.0,169.07591,167.40703,-0.028702082,23.50334,119.71616
summer,20200623-1,T2,13.8,414.0,168.62703,167.68529,2.9715564,15.84373,277.0581
summer,20200623-1,T2,13.833333,415.0,168.10626,167.9947,-0.103527494,18.172796,70.52844
summer,20200623-1,T2,13.866666,416.0,168.1131,167.77953,-0.020802934,6.4583864,669.62366
summer,20200623-1,T2,13.9,417.0,167.94199,168.0947,-0.18335986,10.758328,503.43747
summer,20200623-1,T2,13.933333,418.0,168.01382,168.0543,-0.37055048,2.4724274,387.56894
summer,20200623-1,T2,13.966666,419.0,168.14615,168.1137,-0.067177735,4.3512354,105.02651
summer,20200623-1,T2,14.0,420.0,168.23584,168.14806,2.450424,2.8816242,44.48828
summer,20200623-1,T2,14.033333,421.0,168.3835,168.07268,-0.7382239,4.973389,111.68563
summer,20200623-1,T2,14.066666,422.0,168.19223,168.21555,2.3270319,7.1619573,362.79846
summer,20200623-1,T2,14.1,423.0,168.2622,168.1619,1.188838,2.645115,294.2017
summer,20200623-1,T2,14.133333,424.0,168.25105,168.17303,-0.78861094,0.47297588,93.44118
summer,20200623-1,T2,14.166666,425.0,168.1656,168.25105,-0.95739186,3.4710755,89.96032
summer,20200623-1,T2,14.2,426.0,168.14168,168.01181,-0.63997954,7.2131057,290.845
summer,20200623-1,T2,14.233333,427.0,168.02089,167.91339,-0.17278364,4.674258,153.83508
summer,20200623-1,T2,14.266666,428.0,167.75322,167.90182,2.963885,8.037908,153.5831
summer,20200623-1,T2,14.3,429.0,166.96295,167.81654,-0.046645492,23.845188,474.96097
summer,20200623-1,T2,14.333333,430.0,166.5291,167.79024,3.1181238,13.039765,325.1162
summer,20200623-1,T2,14.366666,431.0,165.90866,167.5102,-2.9400153,20.42113,283.45544
summer,20200623-1,T2,14.4,432.0,165.67174,167.45668,0.23064126,7.2868643,400.8624
summer,20200623-1,T2,14.433333,433.0,165.04893,167.12672,0.37234542,21.144611,427.2292
summer,20200623-1,T2,14.466666,434.0,164.56656,166.94986,-2.6358373,15.413548,186.97644
summer,20200623-1,T2,14.5,435.0,163.8056,166.80797,-2.764095,23.221317,252.65814
summer,20200623-1,T2,14.533333,436.0,163.06961,166.5965,-3.0044868,22.973305,66.538795
summer,20200623-1,T2,14.566666,437.0,162.33928,166.57008,-2.988317,21.924768,166.63956
summer,20200623-1,T2,14.6,438.0,161.93298,166.81584,0.1558317,14.244742,380.86658
summer,20200623-1,T2,14.633333,439.0,161.58821,166.92264,3.019267,10.828495,136.75542
summer,20200623-1,T2,14.666666,440.0,161.26172,166.6082,-0.06410145,13.598877,379.48718
summer,20200623-1,T2,14.7,441.0,160.8377,166.25647,-2.8309453,16.52667,93.939285
summer,20200623-1,T2,14.733333,442.0,160.46281,165.87897,0.25497675,15.961118,49.900375
summer,20200623-1,T2,14.766666,443.0,160.01074,165.51596,-2.47223,17.393574,70.66602
summer,20200623-1,T2,14.8,444.0,159.60762,164.91508,-2.2579308,21.706417,218.5421
summer,20200623-1,T2,14.833333,445.0,159.02937,164.47116,-2.2927618,21.870617,211.65253
summer,20200623-1,T2,14.866666,446.0,158.36415,163.75272,0.61496496,29.373743,259.1561
summer,20200623-1,T2,14.9,447.0,157.7629,163.79004,0.7809648,18.0721,682.6008
summer,20200623-1,T2,14.933333,448.0,157.1014,163.63925,-2.77879,20.35414,177.76724
summer,20200623-1,T2,14.966666,449.0,156.53844,163.56206,-3.1367316,17.046913,110.68768
summer,20200623-1,T2,15.0,450.0,155.85101,163.56438,0.23256633,20.622395,132.91095
summer,20200623-1,T2,15.033333,451.0,155.38298,163.64372,0.1697879,14.241441,209.2614
summer,20200623-1,T2,15.066666,452.0,154.76143,163.72163,-3.0991592,18.792631,138.17885
summer,20200623-1,T2,15.1,453.0,154.25948,163.71024,0.14316224,15.062105,134.34085
summer,20200623-1,T2,15.133333,454.0,153.37157,163.50711,-2.9194176,27.325949,387.89304
summer,20200623-1,T2,15.166666,455.0,152.84778,163.16307,-2.6717696,18.800343,351.39508
summer,20200623-1,T2,15.2,456.0,152.47284,162.66621,-2.340527,18.673298,192.00856
summer,20200623-1,T2,15.233333,457.0,151.64062,162.1998,0.72831917,28.620224,412.48224
summer,20200623-1,T2,15.266666,458.0,151.01434,161.6053,0.71372736,25.905603,218.27806
summer,20200623-1,T2,15.3,459.0,150.58928,160.99297,-2.470192,22.361843,181.8093
summer,20200623-1,T2,15.333333,460.0,150.39037,160.44882,-2.2681057,17.38114,212.5761
summer,20200623-1,T2,15.366666,461.0,150.19443,160.13281,-2.0753975,11.1548815,205.34721
summer,20200623-1,T2,15.4,462.0,149.90594,159.68044,-1.9740477,16.095894,148.31477
summer,20200623-1,T2,15.433333,463.0,149.49026,159.27933,1.1117741,17.329273,123.43204
summer,20200623-1,T2,15.466666,464.0,149.20042,158.93228,1.0031624,13.564926,123.26381
summer,20200623-1,T2,15.5,465.0,149.03796,158.62605,0.89229965,10.399641,120.374596
summer,20200623-1,T2,15.533333,466.0,148.73146,158.21954,0.99848187,15.273336,157.95753
summer,20200623-1,T2,15.566666,467.0,148.36867,157.83531,0.9319134,15.853367,54.490963
summer,20200623-1,T2,15.6,468.0,148.14066,157.71979,0.76721203,7.6682606,270.54538
summer,20200623-1,T2,15.633333,469.0,148.04482,157.63733,0.7695049,3.792778,122.62623
summer,20200623-1,T2,15.666666,470.0,147.86589,157.62143,0.7702004,5.389151,95.82311
summer,20200623-1,T2,15.7,471.0,147.67342,157.62715,-2.5541382,5.776886,22.962965
summer,20200623-1,T2,15.733333,472.0,147.48055,157.61284,-2.8180442,5.801689,18.04216
summer,20200623-1,T2,15.766666,473.0,147.42601,157.60045,0.33854556,1.6780127,124.496994
summer,20200623-1,T2,15.8,474.0,147.35512,157.60228,0.28890517,2.1274765,19.501932
summer,20200623-1,T2,15.833333,475.0,147.20346,157.48434,0.31943077,5.763456,130.00624
summer,20200623-1,T2,15.866666,476.0,147.2525,157.45903,0.38749805,1.6559854,198.9465
summer,20200623-1,T2,15.9,477.0,147.32211,157.36623,0.4990257,3.480464,63.50048
summer,20200623-1,T2,15.933333,478.0,147.23299,156.68176,2.369471,20.707573,551.3337
summer,20200623-1,T2,15.966666,479.0,147.2776,156.01009,0.8624516,20.194635,120.93693
summer,20200623-1,T2,16.0,480.0,147.28365,155.31946,0.6007003,20.719294,38.68455
summer,20200623-1,T2,16.033333,481.0,147.32986,154.61151,-1.40107,21.283957,39.387012
summer,20200623-1,T2,16.066666,482.0,147.38239,153.87134,-1.4356666,22.26107,29.545015
summer,20200623-1,T2,16.1,483.0,147.53102,152.95123,1.5620211,27.960314,183.57036
summer,20200623-1,T2,16.133333,484.0,147.66336,152.70251,1.7082663,8.452411,604.3982
summer,20200623-1,T2,16.166666,485.0,147.64871,152.26555,1.7949735,13.116171,214.93782
summer,20200623-1,T2,16.2,486.0,147.49902,151.58035,1.6686432,21.040413,254.31888
summer,20200623-1,T2,16.233334,487.0,147.36781,150.73505,1.4669971,25.66325,145.07562
summer,20200623-1,T2,16.266666,488.0,147.21655,150.33192,1.4367074,12.916944,398.395
summer,20200623-1,T2,16.3,489.0,147.03435,149.61485,1.330233,22.19532,283.90955
summer,20200623-1,T2,16.333332,490.0,146.85635,148.85391,-1.9743562,23.44479,39.686
summer,20200623-1,T2,16.366667,491.0,146.67374,148.47249,1.2697976,12.686908,341.59863
summer,20200623-1,T2,16.4,492.0,146.62366,148.25717,1.0994984,6.631501,191.2743
summer,20200623-1,T2,16.433332,493.0,146.48888,148.11656,1.1355264,5.8436337,101.654564
summer,20200623-1,T2,16.466665,494.0,146.26247,147.92012,1.0116597,8.992435,96.553345
summer,20200623-1,T2,16.5,495.0,146.03969,147.7616,0.9765136,8.202475,34.280563
summer,20200623-1,T2,16.533333,496.0,145.70702,147.26305,0.8255833,17.980505,321.6104
summer,20200623-1,T2,16.566666,497.0,145.62527,146.93092,0.7511803,10.261273,270.98624
summer,20200623-1,T2,16.6,498.0,145.40567,146.61052,-2.0571115,11.652861,124.50115
summer,20200623-1,T2,16.633333,499.0,144.98927,146.13818,-2.103731,18.890282,223.77223
summer,20200623-1,T2,16.666666,500.0,144.60454,145.57866,0.8950263,20.371538,83.48965
summer,20200623-1,T2,16.7,501.0,144.02496,145.0107,0.98227096,24.343666,175.49187
summer,20200623-1,T2,16.733334,502.0,143.59729,144.5958,-2.2786586,17.875555,194.0708
summer,20200623-1,T2,16.766666,503.0,143.13087,143.9784,0.7995524,23.21363,185.57118
summer,20200623-1,T2,16.8,504.0,142.72696,143.4451,-2.2732043,20.069477,94.326195
summer,20200623-1,T2,16.833332,505.0,142.1717,142.99295,0.798509,21.481817,154.53502
summer,20200623-1,T2,16.866667,506.0,141.5481,142.49799,0.7753198,23.88552,72.61195
summer,20200623-1,T2,16.9,507.0,141.01074,141.91847,0.6467006,23.708439,108.70766
summer,20200623-1,T2,16.933332,508.0,140.56682,141.33119,-2.4099941,22.086063,84.347275
summer,20200623-1,T2,16.966665,509.0,140.18791,140.6847,-2.174332,22.480682,79.14915
summer,20200623-1,T2,17.0,510.0,139.6247,139.97536,0.8898995,27.171738,175.2266
summer,20200623-1,T2,17.033333,511.0,139.25201,139.32913,0.8290195,22.379883,180.62082
summer,20200623-1,T2,17.066666,512.0,138.96706,138.77925,0.7556198,18.580086,117.26873
summer,20200623-1,T2,17.1,513.0,138.79016,138.09299,0.9188071,21.260511,156.59998
summer,20200623-1,T2,17.133333,514.0,138.89526,137.66925,1.1489508,13.097451,346.7559
summer,20200623-1,T2,17.166666,515.0,138.85217,137.60435,1.2004278,2.3371196,349.41748
summer,20200623-1,T2,17.2,516.0,138.87239,137.60869,1.203146,0.6202221,84.431244
summer,20200623-1,T2,17.233334,517.0,138.86989,137.6536,1.2377735,1.3492572,41.849594
summer,20200623-1,T2,17.266666,518.0,138.84404,137.6562,1.249363,0.7793936,43.47733
summer,20200623-1,T2,17.3,519.0,138.87086,137.73453,1.3090273,2.4836373,83.002655
summer,20200623-1,T2,17.333332,520.0,138.81247,137.81673,-1.5663124,3.0250475,76.76947
summer,20200623-1,T2,17.366667,521.0,138.64214,137.75424,1.2493825,5.442905,164.64825
summer,20200623-1,T2,17.4,522.0,138.57985,137.69841,1.1842171,2.5092816,97.41999
summer,20200623-1,T2,17.433332,523.0,138.43285,137.70413,1.0403764,4.4137673,94.24554
summer,20200623-1,T2,17.466665,524.0,138.4749,137.75272,1.1215314,1.9281008,174.48975
summer,20200623-1,T2,17.5,525.0,138.52988,137.58592,1.2186694,5.268902,194.20526
summer,20200623-1,T2,17.533333,526.0,138.57234,137.45047,1.2816848,4.2585707,30.38116
summer,20200623-1,T2,17.566666,527.0,138.55673,137.30621,1.3099402,4.3531075,52.87023
summer,20200623-1,T2,17.6,528.0,138.55058,137.17743,1.489527,3.8678806,16.328865
summer,20200623-1,T2,17.633333,529.0,138.54378,136.73645,1.7733392,13.23102,280.9824
summer,20200623-1,T2,17.666666,530.0,138.57211,136.77458,1.8376442,1.4251928,432.3636
summer,20200623-1,T2,17.7,531.0,138.59286,136.68985,1.7272397,2.6169086,110.77623
summer,20200623-1,T2,17.733334,532.0,138.58076,136.78325,1.6603756,2.8252795,163.01456
summer,20200623-1,T2,17.766666,533.0,138.58675,136.63353,1.8044606,4.4952426,219.41202
summer,20200623-1,T2,17.8,534.0,138.5651,136.75903,1.7781974,3.821006,248.95232
summer,20200623-1,T2,17.833332,535.0,138.51411,136.68503,1.7571573,2.69596,181.49925
summer,20200623-1,T2,17.866667,536.0,138.5913,136.5405,1.8415204,4.9155664,131.64845
summer,20200623-1,T2,17.9,537.0,138.67708,136.51257,1.7590702,2.706421,105.25111
summer,20200623-1,T2,17.933332,538.0,138.6979,136.4661,-1.2368414,1.5281261,60.808903
summer,20200623-1,T2,17.966665,539.0,138.66525,136.3963,1.71437,2.3113704,52.501244
summer,20200623-1,T2,18.0,540.0,138.68025,136.33224,1.7730188,1.9736651,43.200844
summer,20200623-1,T2,18.033333,541.0,138.67506,136.31644,1.8950435,0.4994918,47.06581
summer,20200623-1,T2,18.066666,542.0,138.64784,136.29692,1.8010477,1.0048366,20.10406
summer,20200623-1,T2,18.1,543.0,138.71912,136.24318,1.7268734,2.6782057,93.8565
summer,20200623-1,T2,18.133333,544.0,138.77461,136.15091,1.7651821,3.2301722,37.469143
summer,20200623-1,T2,18.166666,545.0,138.81664,136.14667,1.7355746,1.2667304,80.14991
summer,20200623-1,T2,18.2,546.0,138.86343,136.06706,1.8084117,2.7702985,67.96551
summer,20200623-1,T2,18.233334,547.0,138.89555,136.07668,1.7971367,1.0058442,81.3725
summer,20200623-1,T2,18.266666,548.0,138.85794,136.05324,1.7984067,1.3295765,69.45357
summer,20200623-1,T2,18.3,549.0,138.89832,136.10904,1.6743428,2.0666144,100.07105
summer,20200623-1,T2,18.333332,550.0,138.8874,136.11581,1.801184,0.3851613,63.861656
summer,20200623-1,T2,18.366667,551.0,138.85141,136.21007,1.7458882,3.0268984,81.908516
summer,20200623-1,T2,18.4,552.0,138.73752,136.59016,1.9047601,11.903553,266.62512
summer,20200623-1,T2,18.433332,553.0,138.67276,136.59909,1.9282097,1.961165,336.97052
summer,20200623-1,T2,18.466665,554.0,138.53735,136.85522,2.031387,8.692078,231.41536
summer,20200623-1,T2,18.5,555.0,138.43301,137.32883,-0.9360495,14.548465,197.67972
summer,20200623-1,T2,18.533333,556.0,138.5158,137.85222,-0.41368067,15.896955,174.28027
summer,20200623-1,T2,18.566666,557.0,138.95218,138.57419,-0.31391978,25.30834,364.9935
summer,20200623-1,T2,18.6,558.0,139.39743,139.05109,3.059737,19.5732,220.7173
summer,20200623-1,T2,18.633333,559.0,139.97946,139.3476,3.0198362,19.596172,203.74666
summer,20200623-1,T2,18.666666,560.0,140.71815,139.6298,3.1160553,23.723322,141.58809
summer,20200623-1,T2,18.7,561.0,141.47571,139.75499,3.083639,23.03426,142.33876
summer,20200623-1,T2,18.733334,562.0,142.22363,139.71185,-3.1161468,22.475336,151.73708
summer,20200623-1,T2,18.766666,563.0,143.0602,139.69176,-3.1027668,25.103941,82.41357
summer,20200623-1,T2,18.8,564.0,143.86049,139.81598,-0.009428868,24.29587,133.91206
summer,20200623-1,T2,18.833332,565.0,144.74771,140.03702,-0.05770687,27.430658,117.1268
summer,20200623-1,T2,18.866667,566.0,145.74635,139.99915,3.0580359,29.98117,253.67628
summer,20200623-1,T2,18.9,567.0,146.7173,139.9505,-0.08081072,29.164473,26.770098
summer,20200623-1,T2,18.933332,568.0,147.91286,140.04082,-0.03232042,35.96917,237.72748
summer,20200623-1,T2,18.966665,569.0,149.01616,140.04703,-0.12819508,33.099953,112.350624
summer,20200623-1,T2,19.0,570.0,150.12428,139.86807,-0.16725262,33.673676,166.69232
summer,20200623-1,T2,19.033333,571.0,151.12532,139.57559,-0.2778108,31.287172,140.45366
summer,20200623-1,T2,19.066666,572.0,152.1014,139.29076,2.792388,30.503578,23.51029
summer,20200623-1,T2,19.1,573.0,152.8297,138.93655,2.8285728,24.29563,231.575
summer,20200623-1,T2,19.133333,574.0,153.58064,138.51855,2.7456772,25.783726,60.949978
summer,20200623-1,T2,19.166666,575.0,154.43033,138.0469,-0.6329171,29.154316,101.12341
summer,20200623-1,T2,19.2,576.0,155.31491,137.48198,2.5566552,31.486938,89.61726
summer,20200623-1,T2,19.233334,577.0,156.12086,136.79431,-0.7471369,31.784266,131.1931
summer,20200623-1,T2,19.266666,578.0,156.812,136.11105,2.44459,29.1557,103.42469
summer,20200623-1,T2,19.3,579.0,157.37909,135.30789,2.4182954,29.495333,155.28038
summer,20200623-1,T2,19.333332,580.0,157.99277,134.62369,2.2914782,27.573107,114.98402
summer,20200623-1,T2,19.366667,581.0,158.47214,134.20108,2.2390826,19.171965,264.6556
summer,20200623-1,T2,19.4,582.0,158.84529,133.7171,2.361999,18.33332,110.4081
summer,20200623-1,T2,19.433332,583.0,159.33246,132.94681,2.384913,27.34301,277.39578
summer,20200623-1,T2,19.466665,584.0,159.78561,132.21693,2.357451,25.773586,47.544216
summer,20200623-1,T2,19.5,585.0,160.3535,131.59518,2.2829254,25.261084,141.88248
summer,20200623-1,T2,19.533333,586.0,160.9955,130.99155,2.3890533,26.436773,68.67834
summer,20200623-1,T2,19.566666,587.0,161.5005,130.13258,2.2586043,29.892946,260.7938
summer,20200623-1,T2,19.6,588.0,162.01086,129.28036,2.3040905,29.799786,7.762793
summer,20200623-1,T2,19.633333,589.0,162.8689,128.38033,2.390099,37.305363,315.8794
summer,20200623-1,T2,19.666666,590.0,163.62367,127.521255,2.388095,34.30672,99.97566
summer,20200623-1,T2,19.7,591.0,164.40987,126.52705,-1.0581154,38.02428,124.835396
summer,20200623-1,T2,19.733334,592.0,164.99786,125.714836,2.114993,30.081469,242.15291
summer,20200623-1,T2,19.766666,593.0,165.3704,125.19864,2.272975,19.097855,329.51346
summer,20200623-1,T2,19.8,594.0,165.86427,124.52085,2.2385905,25.158522,181.84116
summer,20200623-1,T2,19.833332,595.0,166.47191,123.66146,2.3405578,31.575438,192.88712
summer,20200623-1,T2,19.866667,596.0,167.14021,122.54667,2.3283525,38.993248,236.25873
summer,20200623-1,T2,19.9,597.0,167.75766,121.79658,2.2768905,29.145607,331.41827
summer,20200623-1,T2,19.933332,598.0,168.55948,120.93045,2.2944255,35.409027,196.08168
summer,20200623-1,T2,19.966665,599.0,169.05809,120.107445,2.191106,28.86833,275.62717
summer,20200623-1,T2,20.0,600.0,169.61482,118.94769,2.1586428,38.592823,307.51007
summer,20200623-1,T2,20.033333,601.0,170.09012,117.96015,2.0592806,32.879528,171.40399
summer,20200623-1,T2,20.066666,602.0,170.40643,117.3101,2.0832977,21.687895,335.7699
summer,20200623-1,T2,20.1,603.0,170.89653,116.53462,2.127957,27.520418,192.8638
summer,20200623-1,T2,20.133333,604.0,171.1703,115.86751,2.2237623,21.633451,217.72699
summer,20200623-1,T2,20.166666,605.0,171.30524,115.73278,2.2811952,5.7203526,495.18848
summer,20200623-1,T2,20.2,606.0,171.58578,115.32481,2.3100348,14.853729,278.65594
summer,20200623-1,T2,20.233334,607.0,172.11232,114.536385,2.2347069,28.442465,407.75235
summer,20200623-1,T2,20.266666,608.0,172.51375,113.86724,2.239369,23.40964,155.57513
summer,20200623-1,T2,20.3,609.0,172.6937,113.09519,2.2622457,23.781963,219.78908
summer,20200623-1,T2,20.333332,610.0,173.01535,111.98205,2.3209524,34.76095,332.44867
summer,20200623-1,T2,20.366667,611.0,173.26505,111.009766,1.9813341,30.115162,142.3704
summer,20200623-1,T2,20.4,612.0,173.40405,110.17849,2.0110743,25.284088,161.34074
summer,20200623-1,T2,20.433332,613.0,173.57733,109.049614,1.9144882,34.263252,269.6375
summer,20200623-1,T2,20.466665,614.0,173.49402,108.03423,1.7122642,30.564001,252.5022
summer,20200623-1,T2,20.5,615.0,173.66644,107.29122,1.740381,22.882294,336.24817
summer,20200623-1,T2,20.533333,616.0,173.73915,106.46428,1.856705,24.904205,117.31139
summer,20200623-1,T2,20.566666,617.0,173.69212,105.462395,1.82232,30.089909,190.80118
summer,20200623-1,T2,20.6,618.0,173.45886,104.58895,-1.5952497,27.121023,203.60538
summer,20200623-1,T2,20.633333,619.0,173.45792,103.554794,1.5936433,31.02495,254.241
summer,20200623-1,T2,20.666666,620.0,173.47389,102.42007,1.5835847,34.045586,91.792534
summer,20200623-1,T2,20.7,621.0,173.42815,101.133766,1.6785738,38.61271,147.25487
summer,20200623-1,T2,20.733334,622.0,173.3062,99.59489,1.6633227,46.311428,237.476
summer,20200623-1,T2,20.766666,623.0,173.35352,98.18387,1.5471476,42.354824,190.91515
summer,20200623-1,T2,20.8,624.0,173.43135,96.98392,-1.4834889,36.073437,191.9667
summer,20200623-1,T2,20.833332,625.0,173.33612,95.64504,1.6851913,40.268112,199.74516
summer,20200623-1,T2,20.866667,626.0,173.51729,94.25663,1.8475299,42.00587,252.72235
summer,20200623-1,T2,20.9,627.0,173.81673,93.00212,2.0300245,38.691772,160.808
summer,20200623-1,T2,20.933332,628.0,173.91731,91.883,1.8695847,33.70934,216.4863
summer,20200623-1,T2,20.966665,629.0,174.14326,91.124954,-1.2872095,23.730253,344.0057
summer,20200623-1,T2,21.0,630.0,174.69267,90.23172,1.8449253,31.459583,315.4898
summer,20200623-1,T2,21.033333,631.0,174.99284,89.691826,2.070777,18.532082,389.13617
summer,20200623-1,T2,21.066666,632.0,175.35236,88.91763,2.1617534,25.608152,217.53394
summer,20200623-1,T2,21.1,633.0,175.84679,87.97583,2.2456517,31.910202,193.61446
summer,20200623-1,T2,21.133333,634.0,176.43677,87.09462,2.1541631,31.814816,101.840836
summer,20200623-1,T2,21.166666,635.0,177.19666,86.07481,2.213995,38.153976,197.33372
summer,20200623-1,T2,21.2,636.0,177.92233,84.9646,2.3539252,39.789207,86.957436
summer,20200623-1,T2,21.233334,637.0,178.74432,83.74344,2.2354689,44.161465,132.2665
summer,20200623-1,T2,21.266666,638.0,179.36078,82.919464,2.2818556,30.87217,402.49097
summer,20200623-1,T2,21.3,639.0,180.29433,81.681145,2.2442122,46.522705,469.52512
summer,20200623-1,T2,21.333332,640.0,181.10051,80.4951,-2.9184685,43.02317,123.87388
summer,20200623-1,T2,21.366667,641.0,181.78772,79.42925,1.9862859,38.04599,152.20218
summer,20200623-1,T2,21.4,642.0,182.67598,78.09607,-0.9827427,48.05895,301.00174
summer,20200623-1,T2,21.433332,643.0,183.3804,77.01035,-1.0559491,38.82671,277.42038
summer,20200623-1,T2,21.466665,644.0,183.98592,75.89165,2.1456635,38.162174,93.83172
summer,20200623-1,T2,21.5,645.0,184.58476,74.86348,2.0933864,35.69491,81.725464
summer,20200623-1,T2,21.533333,646.0,185.16934,73.827576,2.25167,35.684414,14.608253
summer,20200623-1,T2,21.566666,647.0,185.844,72.70209,2.1445959,39.366604,114.33722
summer,20200623-1,T2,21.6,648.0,186.4187,71.80959,2.1458113,31.845034,228.20348
summer,20200623-1,T2,21.633333,649.0,186.94582,70.84489,2.0621192,32.979958,77.85412
summer,20200623-1,T2,21.666666,650.0,187.46545,69.64257,2.070269,39.29456,213.95482
summer,20200623-1,T2,21.7,651.0,187.84575,68.44545,1.9456226,37.681328,125.52326
summer,20200623-1,T2,21.733334,652.0,188.05296,67.66403,1.7929866,24.253069,405.2324
summer,20200623-1,T2,21.766666,653.0,188.26764,66.98877,1.8228545,21.257202,95.77422
summer,20200623-1,T2,21.8,654.0,188.27667,66.05443,-1.5254829,28.0309,297.65845
summer,20200623-1,T2,21.833332,655.0,188.31352,65.38714,-1.5237288,20.049513,241.61885
summer,20200623-1,T2,21.866667,656.0,188.3993,64.888596,1.4761629,15.176177,158.14
summer,20200623-1,T2,21.9,657.0,188.32393,64.11239,1.3937008,23.395226,288.92465
summer,20200623-1,T2,21.933332,658.0,188.19295,63.615475,1.4606886,15.416795,256.27487
summer,20200623-1,T2,21.966665,659.0,188.06003,62.984962,1.470605,19.331314,120.251915
summer,20200623-1,T2,22.0,660.0,187.73593,62.324955,1.4234064,22.058205,174.08696
summer,20200623-1,T2,22.033333,661.0,187.44664,62.102432,1.2056704,10.949555,394.96866
summer,20200623-1,T2,22.066666,662.0,187.25433,62.315056,0.9825419,8.600787,401.24908
summer,20200623-1,T2,22.1,663.0,186.77827,62.27452,0.8302125,14.333082,342.22458
summer,20200623-1,T2,22.133333,664.0,186.22818,62.37921,-2.7328508,16.799232,146.71974
summer,20200623-1,T2,22.166666,665.0,185.55524,62.449524,-2.8856206,20.298132,114.807
summer,20200623-1,T2,22.2,666.0,185.27524,62.49513,-2.9780703,8.510737,354.3368
summer,20200623-1,T2,22.233334,667.0,185.16785,62.528618,-2.9893148,3.3744757,155.74155
summer,20200623-1,T2,22.266666,668.0,185.20047,62.569485,0.3847635,1.5687765,126.1808
summer,20200623-1,T2,22.3,669.0,185.11703,62.616375,0.3698169,2.8714066,104.5955
summer,20200623-1,T2,22.333332,670.0,185.1451,62.614723,0.43856344,0.8435574,109.45838
summer,20200623-1,T2,22.366667,671.0,185.51196,62.777267,-2.932097,12.03785,338.84335
summer,20200623-1,T2,22.4,672.0,186.05388,62.959564,1.049965,17.152212,158.52922
summer,20200623-1,T2,22.433332,673.0,186.49123,62.84848,1.8570573,13.537167,280.30844
summer,20200623-1,T2,22.466665,674.0,187.12076,62.730137,2.1003685,19.216928,173.09259
summer,20200623-1,T2,22.5,675.0,187.78241,62.57349,2.2606945,20.397911,44.977543
summer,20200623-1,T2,22.533333,676.0,188.27773,62.340107,2.1522973,16.426567,164.85475
summer,20200623-1,T2,22.566666,677.0,188.94803,62.21746,2.484891,20.443207,186.38133
summer,20200623-1,T2,22.6,678.0,189.20642,62.038376,2.571438,9.431151,374.19595
summer,20200623-1,T2,22.633333,679.0,189.22264,61.95798,-0.9356903,2.460501,235.34338
summer,20200623-1,T2,22.666666,680.0,189.37122,61.77825,2.2160833,6.995808,148.93765
summer,20200623-1,T2,22.7,681.0,189.46495,61.824936,2.3716068,3.1415215,209.66264
summer,20200623-1,T2,22.733334,682.0,189.73622,61.37102,0.82409585,15.863972,478.04095
summer,20200623-1,T2,22.766666,683.0,190.56033,59.75006,0.069376886,54.55348,1162.2601
summer,20200623-1,T2,22.8,684.0,189.85495,61.128796,2.222716,46.46011,3030.3447
summer,20200623-1,T2,22.833332,685.0,189.81769,61.096752,2.179518,1.4745469,1404.8723
